feature_name,importance,importance_percent,category,source,live_field,derivation,production_candidate,reason
TransactionDT,0.00114746,0.114746,A,Live Transaction Input,transaction_timestamp,int(dt.timestamp()),True,Directly provided in live transaction API request or deterministically transformed from payload.
TransactionAmt,0.0015729,0.15729,A,Live Transaction Input,amount,amount (float),True,Directly provided in live transaction API request or deterministically transformed from payload.
ProductCD__freq,0.00404046,0.404046,A,Live Transaction Input + Precomputed Map,product_code,Frequency lookup of product_code in training frequency map,True,Mapped directly from current live input and encoded via training artifact frequency map.
card1,0.0012411,0.12411,A,Live Transaction Input,card_id,float(card_id) with training median fallback,True,Directly provided in live transaction API request or deterministically transformed from payload.
card2,0.00120623,0.120623,C,External Enrichment / Future Input Field,card_id (BIN lookup),Bank identification sub-code from card BIN table,False,"Feasible if AegisFin adds third-party BIN lookup service, shipping address, or recipient domain input."
card3,0.00325111,0.325111,C,External Enrichment / Future Input Field,card_id (BIN lookup),Card issuing bank country code from BIN lookup,False,"Feasible if AegisFin adds third-party BIN lookup service, shipping address, or recipient domain input."
card4__freq,0.00103859,0.103859,A,Live Transaction Input + Precomputed Map,card_network,"Frequency lookup of card_network (visa, mastercard, etc.)",True,Mapped directly from current live input and encoded via training artifact frequency map.
card5,0.00119401,0.119401,C,External Enrichment / Future Input Field,card_id (BIN lookup),Card category / product code from BIN database,False,"Feasible if AegisFin adds third-party BIN lookup service, shipping address, or recipient domain input."
card6__freq,0.0051968,0.51968,A,Live Transaction Input + Precomputed Map,card_type,"Frequency lookup of card_type (debit, credit)",True,Mapped directly from current live input and encoded via training artifact frequency map.
addr1,0.00119301,0.119301,A,Live Transaction Input,address_id,float(address_id) with training median fallback,True,Directly provided in live transaction API request or deterministically transformed from payload.
addr2,0.00083024,0.083024,C,External Enrichment / Future Input Field,billing_country / shipping_country,Country or state code of billing address,False,"Feasible if AegisFin adds third-party BIN lookup service, shipping address, or recipient domain input."
dist1,0.00117297,0.117297,C,External Enrichment / Future Input Field,"billing_zip, shipping_zip",Geographic distance between billing and delivery address,False,"Feasible if AegisFin adds third-party BIN lookup service, shipping address, or recipient domain input."
dist2,0.00078468,0.078468,C,External Enrichment / Future Input Field,"ip_address, billing_zip",Geographic distance between client IP geo-coordinates and billing zip,False,"Feasible if AegisFin adds third-party BIN lookup service, shipping address, or recipient domain input."
P_emaildomain__freq,0.00137767,0.137767,A,Live Transaction Input + Precomputed Map,email_domain,Frequency lookup of purchaser email domain,True,Mapped directly from current live input and encoded via training artifact frequency map.
R_emaildomain__freq,0.00148877,0.148877,C,External Enrichment / Future Input Field,recipient_email_domain,Frequency lookup of recipient email domain in P2P/transfer flows,False,"Feasible if AegisFin adds third-party BIN lookup service, shipping address, or recipient domain input."
C1,0.00320722,0.320722,D,Proprietary IEEE-CIS Consortium Counts (Obfuscated),None (No live upstream feed exists),Consortium-level entity count features across undisclosed payment networks,False,Anonymous consortium counts with undocumented definitions. Unreliable for live production; should be replaced with explicit Supabase entity metrics.
C2,0.001949,0.1949,D,Proprietary IEEE-CIS Consortium Counts (Obfuscated),None (No live upstream feed exists),Consortium-level entity count features across undisclosed payment networks,False,Anonymous consortium counts with undocumented definitions. Unreliable for live production; should be replaced with explicit Supabase entity metrics.
C3,0.00283201,0.283201,D,Proprietary IEEE-CIS Consortium Counts (Obfuscated),None (No live upstream feed exists),Consortium-level entity count features across undisclosed payment networks,False,Anonymous consortium counts with undocumented definitions. Unreliable for live production; should be replaced with explicit Supabase entity metrics.
C4,0.00261583,0.261583,D,Proprietary IEEE-CIS Consortium Counts (Obfuscated),None (No live upstream feed exists),Consortium-level entity count features across undisclosed payment networks,False,Anonymous consortium counts with undocumented definitions. Unreliable for live production; should be replaced with explicit Supabase entity metrics.
C5,0.00716769,0.716769,D,Proprietary IEEE-CIS Consortium Counts (Obfuscated),None (No live upstream feed exists),Consortium-level entity count features across undisclosed payment networks,False,Anonymous consortium counts with undocumented definitions. Unreliable for live production; should be replaced with explicit Supabase entity metrics.
C6,0.00205832,0.205832,D,Proprietary IEEE-CIS Consortium Counts (Obfuscated),None (No live upstream feed exists),Consortium-level entity count features across undisclosed payment networks,False,Anonymous consortium counts with undocumented definitions. Unreliable for live production; should be replaced with explicit Supabase entity metrics.
C7,0.00134348,0.134348,D,Proprietary IEEE-CIS Consortium Counts (Obfuscated),None (No live upstream feed exists),Consortium-level entity count features across undisclosed payment networks,False,Anonymous consortium counts with undocumented definitions. Unreliable for live production; should be replaced with explicit Supabase entity metrics.
C8,0.01004016,1.004016,D,Proprietary IEEE-CIS Consortium Counts (Obfuscated),None (No live upstream feed exists),Consortium-level entity count features across undisclosed payment networks,False,Anonymous consortium counts with undocumented definitions. Unreliable for live production; should be replaced with explicit Supabase entity metrics.
C9,0.00187417,0.187417,D,Proprietary IEEE-CIS Consortium Counts (Obfuscated),None (No live upstream feed exists),Consortium-level entity count features across undisclosed payment networks,False,Anonymous consortium counts with undocumented definitions. Unreliable for live production; should be replaced with explicit Supabase entity metrics.
C10,0.00104081,0.104081,D,Proprietary IEEE-CIS Consortium Counts (Obfuscated),None (No live upstream feed exists),Consortium-level entity count features across undisclosed payment networks,False,Anonymous consortium counts with undocumented definitions. Unreliable for live production; should be replaced with explicit Supabase entity metrics.
C11,0.00316401,0.316401,D,Proprietary IEEE-CIS Consortium Counts (Obfuscated),None (No live upstream feed exists),Consortium-level entity count features across undisclosed payment networks,False,Anonymous consortium counts with undocumented definitions. Unreliable for live production; should be replaced with explicit Supabase entity metrics.
C12,0.00157155,0.157155,D,Proprietary IEEE-CIS Consortium Counts (Obfuscated),None (No live upstream feed exists),Consortium-level entity count features across undisclosed payment networks,False,Anonymous consortium counts with undocumented definitions. Unreliable for live production; should be replaced with explicit Supabase entity metrics.
C13,0.00259954,0.259954,D,Proprietary IEEE-CIS Consortium Counts (Obfuscated),None (No live upstream feed exists),Consortium-level entity count features across undisclosed payment networks,False,Anonymous consortium counts with undocumented definitions. Unreliable for live production; should be replaced with explicit Supabase entity metrics.
C14,0.00606553,0.606553,D,Proprietary IEEE-CIS Consortium Counts (Obfuscated),None (No live upstream feed exists),Consortium-level entity count features across undisclosed payment networks,False,Anonymous consortium counts with undocumented definitions. Unreliable for live production; should be replaced with explicit Supabase entity metrics.
D1,0.00160178,0.160178,C,Customer / Account Lifecycle (Future Feed),"None (Requires account_created_at, card_issued_at, or bank authorization timedelta)",Calendar days elapsed between reference event and transaction timestamp for D1,False,IEEE-CIS timedelta days. Can be computed in future if AegisFin captures account opening date and card issue timestamp.
D2,0.00381257,0.381257,C,Customer / Account Lifecycle (Future Feed),"None (Requires account_created_at, card_issued_at, or bank authorization timedelta)",Calendar days elapsed between reference event and transaction timestamp for D2,False,IEEE-CIS timedelta days. Can be computed in future if AegisFin captures account opening date and card issue timestamp.
D3,0.00235759,0.235759,C,Customer / Account Lifecycle (Future Feed),"None (Requires account_created_at, card_issued_at, or bank authorization timedelta)",Calendar days elapsed between reference event and transaction timestamp for D3,False,IEEE-CIS timedelta days. Can be computed in future if AegisFin captures account opening date and card issue timestamp.
D4,0.00143501,0.143501,C,Customer / Account Lifecycle (Future Feed),"None (Requires account_created_at, card_issued_at, or bank authorization timedelta)",Calendar days elapsed between reference event and transaction timestamp for D4,False,IEEE-CIS timedelta days. Can be computed in future if AegisFin captures account opening date and card issue timestamp.
D5,0.00139717,0.139717,C,Customer / Account Lifecycle (Future Feed),"None (Requires account_created_at, card_issued_at, or bank authorization timedelta)",Calendar days elapsed between reference event and transaction timestamp for D5,False,IEEE-CIS timedelta days. Can be computed in future if AegisFin captures account opening date and card issue timestamp.
D6,0.00094734,0.094734,C,Customer / Account Lifecycle (Future Feed),"None (Requires account_created_at, card_issued_at, or bank authorization timedelta)",Calendar days elapsed between reference event and transaction timestamp for D6,False,IEEE-CIS timedelta days. Can be computed in future if AegisFin captures account opening date and card issue timestamp.
D7,0.00098839,0.098839,C,Customer / Account Lifecycle (Future Feed),"None (Requires account_created_at, card_issued_at, or bank authorization timedelta)",Calendar days elapsed between reference event and transaction timestamp for D7,False,IEEE-CIS timedelta days. Can be computed in future if AegisFin captures account opening date and card issue timestamp.
D8,0.00146708,0.146708,C,Customer / Account Lifecycle (Future Feed),"None (Requires account_created_at, card_issued_at, or bank authorization timedelta)",Calendar days elapsed between reference event and transaction timestamp for D8,False,IEEE-CIS timedelta days. Can be computed in future if AegisFin captures account opening date and card issue timestamp.
D9,0.00071584,0.071584,C,Customer / Account Lifecycle (Future Feed),"None (Requires account_created_at, card_issued_at, or bank authorization timedelta)",Calendar days elapsed between reference event and transaction timestamp for D9,False,IEEE-CIS timedelta days. Can be computed in future if AegisFin captures account opening date and card issue timestamp.
D10,0.00144381,0.144381,C,Customer / Account Lifecycle (Future Feed),"None (Requires account_created_at, card_issued_at, or bank authorization timedelta)",Calendar days elapsed between reference event and transaction timestamp for D10,False,IEEE-CIS timedelta days. Can be computed in future if AegisFin captures account opening date and card issue timestamp.
D11,0.00121387,0.121387,C,Customer / Account Lifecycle (Future Feed),"None (Requires account_created_at, card_issued_at, or bank authorization timedelta)",Calendar days elapsed between reference event and transaction timestamp for D11,False,IEEE-CIS timedelta days. Can be computed in future if AegisFin captures account opening date and card issue timestamp.
D12,0.00062875,0.062875,C,Customer / Account Lifecycle (Future Feed),"None (Requires account_created_at, card_issued_at, or bank authorization timedelta)",Calendar days elapsed between reference event and transaction timestamp for D12,False,IEEE-CIS timedelta days. Can be computed in future if AegisFin captures account opening date and card issue timestamp.
D13,0.00102735,0.102735,C,Customer / Account Lifecycle (Future Feed),"None (Requires account_created_at, card_issued_at, or bank authorization timedelta)",Calendar days elapsed between reference event and transaction timestamp for D13,False,IEEE-CIS timedelta days. Can be computed in future if AegisFin captures account opening date and card issue timestamp.
D14,0.00073365,0.073365,C,Customer / Account Lifecycle (Future Feed),"None (Requires account_created_at, card_issued_at, or bank authorization timedelta)",Calendar days elapsed between reference event and transaction timestamp for D14,False,IEEE-CIS timedelta days. Can be computed in future if AegisFin captures account opening date and card issue timestamp.
D15,0.00132648,0.132648,C,Customer / Account Lifecycle (Future Feed),"None (Requires account_created_at, card_issued_at, or bank authorization timedelta)",Calendar days elapsed between reference event and transaction timestamp for D15,False,IEEE-CIS timedelta days. Can be computed in future if AegisFin captures account opening date and card issue timestamp.
M1__freq,0.00095926,0.095926,D,Payment Gateway Match Flags (AVS / 3DS Verification),None (Requires raw AVS / 3DS gateway response codes),"Match indicator M1 (e.g. cardholder name match, billing address match)",False,Obfuscated match indicators from card processor. Unavailable without dedicated merchant processor integration.
M2__freq,0.00149148,0.149148,D,Payment Gateway Match Flags (AVS / 3DS Verification),None (Requires raw AVS / 3DS gateway response codes),"Match indicator M2 (e.g. cardholder name match, billing address match)",False,Obfuscated match indicators from card processor. Unavailable without dedicated merchant processor integration.
M3__freq,0.00144434,0.144434,D,Payment Gateway Match Flags (AVS / 3DS Verification),None (Requires raw AVS / 3DS gateway response codes),"Match indicator M3 (e.g. cardholder name match, billing address match)",False,Obfuscated match indicators from card processor. Unavailable without dedicated merchant processor integration.
M4__freq,0.00194478,0.194478,D,Payment Gateway Match Flags (AVS / 3DS Verification),None (Requires raw AVS / 3DS gateway response codes),"Match indicator M4 (e.g. cardholder name match, billing address match)",False,Obfuscated match indicators from card processor. Unavailable without dedicated merchant processor integration.
M5__freq,0.00180211,0.180211,D,Payment Gateway Match Flags (AVS / 3DS Verification),None (Requires raw AVS / 3DS gateway response codes),"Match indicator M5 (e.g. cardholder name match, billing address match)",False,Obfuscated match indicators from card processor. Unavailable without dedicated merchant processor integration.
M6__freq,0.00189205,0.189205,D,Payment Gateway Match Flags (AVS / 3DS Verification),None (Requires raw AVS / 3DS gateway response codes),"Match indicator M6 (e.g. cardholder name match, billing address match)",False,Obfuscated match indicators from card processor. Unavailable without dedicated merchant processor integration.
M7__freq,0.00090162,0.090162,D,Payment Gateway Match Flags (AVS / 3DS Verification),None (Requires raw AVS / 3DS gateway response codes),"Match indicator M7 (e.g. cardholder name match, billing address match)",False,Obfuscated match indicators from card processor. Unavailable without dedicated merchant processor integration.
M8__freq,0.00081269,0.081269,D,Payment Gateway Match Flags (AVS / 3DS Verification),None (Requires raw AVS / 3DS gateway response codes),"Match indicator M8 (e.g. cardholder name match, billing address match)",False,Obfuscated match indicators from card processor. Unavailable without dedicated merchant processor integration.
M9__freq,0.00145789,0.145789,D,Payment Gateway Match Flags (AVS / 3DS Verification),None (Requires raw AVS / 3DS gateway response codes),"Match indicator M9 (e.g. cardholder name match, billing address match)",False,Obfuscated match indicators from card processor. Unavailable without dedicated merchant processor integration.
V1,0.0,0.0,D,Proprietary Vesta Internal Consortium (Obfuscated),None (No live upstream feed exists),Anonymous multi-entity consortium aggregations computed by Vesta internally,False,Anonymous V-features with undisclosed proprietary formulas. Cannot be reproduced reliably in production; must NOT be fabricated or median-imputed.
V2,0.00262006,0.262006,D,Proprietary Vesta Internal Consortium (Obfuscated),None (No live upstream feed exists),Anonymous multi-entity consortium aggregations computed by Vesta internally,False,Anonymous V-features with undisclosed proprietary formulas. Cannot be reproduced reliably in production; must NOT be fabricated or median-imputed.
V3,0.00120321,0.120321,D,Proprietary Vesta Internal Consortium (Obfuscated),None (No live upstream feed exists),Anonymous multi-entity consortium aggregations computed by Vesta internally,False,Anonymous V-features with undisclosed proprietary formulas. Cannot be reproduced reliably in production; must NOT be fabricated or median-imputed.
V4,0.00124087,0.124087,D,Proprietary Vesta Internal Consortium (Obfuscated),None (No live upstream feed exists),Anonymous multi-entity consortium aggregations computed by Vesta internally,False,Anonymous V-features with undisclosed proprietary formulas. Cannot be reproduced reliably in production; must NOT be fabricated or median-imputed.
V5,0.00130352,0.130352,D,Proprietary Vesta Internal Consortium (Obfuscated),None (No live upstream feed exists),Anonymous multi-entity consortium aggregations computed by Vesta internally,False,Anonymous V-features with undisclosed proprietary formulas. Cannot be reproduced reliably in production; must NOT be fabricated or median-imputed.
V6,0.00177217,0.177217,D,Proprietary Vesta Internal Consortium (Obfuscated),None (No live upstream feed exists),Anonymous multi-entity consortium aggregations computed by Vesta internally,False,Anonymous V-features with undisclosed proprietary formulas. Cannot be reproduced reliably in production; must NOT be fabricated or median-imputed.
V7,0.00170987,0.170987,D,Proprietary Vesta Internal Consortium (Obfuscated),None (No live upstream feed exists),Anonymous multi-entity consortium aggregations computed by Vesta internally,False,Anonymous V-features with undisclosed proprietary formulas. Cannot be reproduced reliably in production; must NOT be fabricated or median-imputed.
V8,0.00114197,0.114197,D,Proprietary Vesta Internal Consortium (Obfuscated),None (No live upstream feed exists),Anonymous multi-entity consortium aggregations computed by Vesta internally,False,Anonymous V-features with undisclosed proprietary formulas. Cannot be reproduced reliably in production; must NOT be fabricated or median-imputed.
V9,0.00134146,0.134146,D,Proprietary Vesta Internal Consortium (Obfuscated),None (No live upstream feed exists),Anonymous multi-entity consortium aggregations computed by Vesta internally,False,Anonymous V-features with undisclosed proprietary formulas. Cannot be reproduced reliably in production; must NOT be fabricated or median-imputed.
V10,0.00084438,0.084438,D,Proprietary Vesta Internal Consortium (Obfuscated),None (No live upstream feed exists),Anonymous multi-entity consortium aggregations computed by Vesta internally,False,Anonymous V-features with undisclosed proprietary formulas. Cannot be reproduced reliably in production; must NOT be fabricated or median-imputed.
V11,0.00094288,0.094288,D,Proprietary Vesta Internal Consortium (Obfuscated),None (No live upstream feed exists),Anonymous multi-entity consortium aggregations computed by Vesta internally,False,Anonymous V-features with undisclosed proprietary formulas. Cannot be reproduced reliably in production; must NOT be fabricated or median-imputed.
V12,0.00113798,0.113798,D,Proprietary Vesta Internal Consortium (Obfuscated),None (No live upstream feed exists),Anonymous multi-entity consortium aggregations computed by Vesta internally,False,Anonymous V-features with undisclosed proprietary formulas. Cannot be reproduced reliably in production; must NOT be fabricated or median-imputed.
V13,0.00124611,0.124611,D,Proprietary Vesta Internal Consortium (Obfuscated),None (No live upstream feed exists),Anonymous multi-entity consortium aggregations computed by Vesta internally,False,Anonymous V-features with undisclosed proprietary formulas. Cannot be reproduced reliably in production; must NOT be fabricated or median-imputed.
V14,0.0,0.0,D,Proprietary Vesta Internal Consortium (Obfuscated),None (No live upstream feed exists),Anonymous multi-entity consortium aggregations computed by Vesta internally,False,Anonymous V-features with undisclosed proprietary formulas. Cannot be reproduced reliably in production; must NOT be fabricated or median-imputed.
V15,0.0020024,0.20024,D,Proprietary Vesta Internal Consortium (Obfuscated),None (No live upstream feed exists),Anonymous multi-entity consortium aggregations computed by Vesta internally,False,Anonymous V-features with undisclosed proprietary formulas. Cannot be reproduced reliably in production; must NOT be fabricated or median-imputed.
V16,0.00021195,0.021195,D,Proprietary Vesta Internal Consortium (Obfuscated),None (No live upstream feed exists),Anonymous multi-entity consortium aggregations computed by Vesta internally,False,Anonymous V-features with undisclosed proprietary formulas. Cannot be reproduced reliably in production; must NOT be fabricated or median-imputed.
V17,0.00052755,0.052755,D,Proprietary Vesta Internal Consortium (Obfuscated),None (No live upstream feed exists),Anonymous multi-entity consortium aggregations computed by Vesta internally,False,Anonymous V-features with undisclosed proprietary formulas. Cannot be reproduced reliably in production; must NOT be fabricated or median-imputed.
V18,0.00052029,0.052029,D,Proprietary Vesta Internal Consortium (Obfuscated),None (No live upstream feed exists),Anonymous multi-entity consortium aggregations computed by Vesta internally,False,Anonymous V-features with undisclosed proprietary formulas. Cannot be reproduced reliably in production; must NOT be fabricated or median-imputed.
V19,0.00149713,0.149713,D,Proprietary Vesta Internal Consortium (Obfuscated),None (No live upstream feed exists),Anonymous multi-entity consortium aggregations computed by Vesta internally,False,Anonymous V-features with undisclosed proprietary formulas. Cannot be reproduced reliably in production; must NOT be fabricated or median-imputed.
V20,0.00135469,0.135469,D,Proprietary Vesta Internal Consortium (Obfuscated),None (No live upstream feed exists),Anonymous multi-entity consortium aggregations computed by Vesta internally,False,Anonymous V-features with undisclosed proprietary formulas. Cannot be reproduced reliably in production; must NOT be fabricated or median-imputed.
V21,0.0029972,0.29972,D,Proprietary Vesta Internal Consortium (Obfuscated),None (No live upstream feed exists),Anonymous multi-entity consortium aggregations computed by Vesta internally,False,Anonymous V-features with undisclosed proprietary formulas. Cannot be reproduced reliably in production; must NOT be fabricated or median-imputed.
V22,0.00142428,0.142428,D,Proprietary Vesta Internal Consortium (Obfuscated),None (No live upstream feed exists),Anonymous multi-entity consortium aggregations computed by Vesta internally,False,Anonymous V-features with undisclosed proprietary formulas. Cannot be reproduced reliably in production; must NOT be fabricated or median-imputed.
V23,0.00133805,0.133805,D,Proprietary Vesta Internal Consortium (Obfuscated),None (No live upstream feed exists),Anonymous multi-entity consortium aggregations computed by Vesta internally,False,Anonymous V-features with undisclosed proprietary formulas. Cannot be reproduced reliably in production; must NOT be fabricated or median-imputed.
V24,0.00146494,0.146494,D,Proprietary Vesta Internal Consortium (Obfuscated),None (No live upstream feed exists),Anonymous multi-entity consortium aggregations computed by Vesta internally,False,Anonymous V-features with undisclosed proprietary formulas. Cannot be reproduced reliably in production; must NOT be fabricated or median-imputed.
V25,0.00178259,0.178259,D,Proprietary Vesta Internal Consortium (Obfuscated),None (No live upstream feed exists),Anonymous multi-entity consortium aggregations computed by Vesta internally,False,Anonymous V-features with undisclosed proprietary formulas. Cannot be reproduced reliably in production; must NOT be fabricated or median-imputed.
V26,0.00113346,0.113346,D,Proprietary Vesta Internal Consortium (Obfuscated),None (No live upstream feed exists),Anonymous multi-entity consortium aggregations computed by Vesta internally,False,Anonymous V-features with undisclosed proprietary formulas. Cannot be reproduced reliably in production; must NOT be fabricated or median-imputed.
V27,0.0,0.0,D,Proprietary Vesta Internal Consortium (Obfuscated),None (No live upstream feed exists),Anonymous multi-entity consortium aggregations computed by Vesta internally,False,Anonymous V-features with undisclosed proprietary formulas. Cannot be reproduced reliably in production; must NOT be fabricated or median-imputed.
V28,0.0,0.0,D,Proprietary Vesta Internal Consortium (Obfuscated),None (No live upstream feed exists),Anonymous multi-entity consortium aggregations computed by Vesta internally,False,Anonymous V-features with undisclosed proprietary formulas. Cannot be reproduced reliably in production; must NOT be fabricated or median-imputed.
V29,0.00101346,0.101346,D,Proprietary Vesta Internal Consortium (Obfuscated),None (No live upstream feed exists),Anonymous multi-entity consortium aggregations computed by Vesta internally,False,Anonymous V-features with undisclosed proprietary formulas. Cannot be reproduced reliably in production; must NOT be fabricated or median-imputed.
V30,0.00111095,0.111095,D,Proprietary Vesta Internal Consortium (Obfuscated),None (No live upstream feed exists),Anonymous multi-entity consortium aggregations computed by Vesta internally,False,Anonymous V-features with undisclosed proprietary formulas. Cannot be reproduced reliably in production; must NOT be fabricated or median-imputed.
V31,0.00058274,0.058274,D,Proprietary Vesta Internal Consortium (Obfuscated),None (No live upstream feed exists),Anonymous multi-entity consortium aggregations computed by Vesta internally,False,Anonymous V-features with undisclosed proprietary formulas. Cannot be reproduced reliably in production; must NOT be fabricated or median-imputed.
V32,0.00043955,0.043955,D,Proprietary Vesta Internal Consortium (Obfuscated),None (No live upstream feed exists),Anonymous multi-entity consortium aggregations computed by Vesta internally,False,Anonymous V-features with undisclosed proprietary formulas. Cannot be reproduced reliably in production; must NOT be fabricated or median-imputed.
V33,0.00090027,0.090027,D,Proprietary Vesta Internal Consortium (Obfuscated),None (No live upstream feed exists),Anonymous multi-entity consortium aggregations computed by Vesta internally,False,Anonymous V-features with undisclosed proprietary formulas. Cannot be reproduced reliably in production; must NOT be fabricated or median-imputed.
V34,0.00450154,0.450154,D,Proprietary Vesta Internal Consortium (Obfuscated),None (No live upstream feed exists),Anonymous multi-entity consortium aggregations computed by Vesta internally,False,Anonymous V-features with undisclosed proprietary formulas. Cannot be reproduced reliably in production; must NOT be fabricated or median-imputed.
V35,0.00138356,0.138356,D,Proprietary Vesta Internal Consortium (Obfuscated),None (No live upstream feed exists),Anonymous multi-entity consortium aggregations computed by Vesta internally,False,Anonymous V-features with undisclosed proprietary formulas. Cannot be reproduced reliably in production; must NOT be fabricated or median-imputed.
V36,0.00115774,0.115774,D,Proprietary Vesta Internal Consortium (Obfuscated),None (No live upstream feed exists),Anonymous multi-entity consortium aggregations computed by Vesta internally,False,Anonymous V-features with undisclosed proprietary formulas. Cannot be reproduced reliably in production; must NOT be fabricated or median-imputed.
V37,0.00178243,0.178243,D,Proprietary Vesta Internal Consortium (Obfuscated),None (No live upstream feed exists),Anonymous multi-entity consortium aggregations computed by Vesta internally,False,Anonymous V-features with undisclosed proprietary formulas. Cannot be reproduced reliably in production; must NOT be fabricated or median-imputed.
V38,0.00134519,0.134519,D,Proprietary Vesta Internal Consortium (Obfuscated),None (No live upstream feed exists),Anonymous multi-entity consortium aggregations computed by Vesta internally,False,Anonymous V-features with undisclosed proprietary formulas. Cannot be reproduced reliably in production; must NOT be fabricated or median-imputed.
V39,0.0012057,0.12057,D,Proprietary Vesta Internal Consortium (Obfuscated),None (No live upstream feed exists),Anonymous multi-entity consortium aggregations computed by Vesta internally,False,Anonymous V-features with undisclosed proprietary formulas. Cannot be reproduced reliably in production; must NOT be fabricated or median-imputed.
V40,0.00115042,0.115042,D,Proprietary Vesta Internal Consortium (Obfuscated),None (No live upstream feed exists),Anonymous multi-entity consortium aggregations computed by Vesta internally,False,Anonymous V-features with undisclosed proprietary formulas. Cannot be reproduced reliably in production; must NOT be fabricated or median-imputed.
V41,0.0,0.0,D,Proprietary Vesta Internal Consortium (Obfuscated),None (No live upstream feed exists),Anonymous multi-entity consortium aggregations computed by Vesta internally,False,Anonymous V-features with undisclosed proprietary formulas. Cannot be reproduced reliably in production; must NOT be fabricated or median-imputed.
V42,0.00053417,0.053417,D,Proprietary Vesta Internal Consortium (Obfuscated),None (No live upstream feed exists),Anonymous multi-entity consortium aggregations computed by Vesta internally,False,Anonymous V-features with undisclosed proprietary formulas. Cannot be reproduced reliably in production; must NOT be fabricated or median-imputed.
V43,0.00088593,0.088593,D,Proprietary Vesta Internal Consortium (Obfuscated),None (No live upstream feed exists),Anonymous multi-entity consortium aggregations computed by Vesta internally,False,Anonymous V-features with undisclosed proprietary formulas. Cannot be reproduced reliably in production; must NOT be fabricated or median-imputed.
V44,0.00095715,0.095715,D,Proprietary Vesta Internal Consortium (Obfuscated),None (No live upstream feed exists),Anonymous multi-entity consortium aggregations computed by Vesta internally,False,Anonymous V-features with undisclosed proprietary formulas. Cannot be reproduced reliably in production; must NOT be fabricated or median-imputed.
V45,0.00264621,0.264621,D,Proprietary Vesta Internal Consortium (Obfuscated),None (No live upstream feed exists),Anonymous multi-entity consortium aggregations computed by Vesta internally,False,Anonymous V-features with undisclosed proprietary formulas. Cannot be reproduced reliably in production; must NOT be fabricated or median-imputed.
V46,0.00079352,0.079352,D,Proprietary Vesta Internal Consortium (Obfuscated),None (No live upstream feed exists),Anonymous multi-entity consortium aggregations computed by Vesta internally,False,Anonymous V-features with undisclosed proprietary formulas. Cannot be reproduced reliably in production; must NOT be fabricated or median-imputed.
V47,0.00098331,0.098331,D,Proprietary Vesta Internal Consortium (Obfuscated),None (No live upstream feed exists),Anonymous multi-entity consortium aggregations computed by Vesta internally,False,Anonymous V-features with undisclosed proprietary formulas. Cannot be reproduced reliably in production; must NOT be fabricated or median-imputed.
V48,0.00101377,0.101377,D,Proprietary Vesta Internal Consortium (Obfuscated),None (No live upstream feed exists),Anonymous multi-entity consortium aggregations computed by Vesta internally,False,Anonymous V-features with undisclosed proprietary formulas. Cannot be reproduced reliably in production; must NOT be fabricated or median-imputed.
V49,0.00169212,0.169212,D,Proprietary Vesta Internal Consortium (Obfuscated),None (No live upstream feed exists),Anonymous multi-entity consortium aggregations computed by Vesta internally,False,Anonymous V-features with undisclosed proprietary formulas. Cannot be reproduced reliably in production; must NOT be fabricated or median-imputed.
V50,0.00150016,0.150016,D,Proprietary Vesta Internal Consortium (Obfuscated),None (No live upstream feed exists),Anonymous multi-entity consortium aggregations computed by Vesta internally,False,Anonymous V-features with undisclosed proprietary formulas. Cannot be reproduced reliably in production; must NOT be fabricated or median-imputed.
V51,0.001225,0.1225,D,Proprietary Vesta Internal Consortium (Obfuscated),None (No live upstream feed exists),Anonymous multi-entity consortium aggregations computed by Vesta internally,False,Anonymous V-features with undisclosed proprietary formulas. Cannot be reproduced reliably in production; must NOT be fabricated or median-imputed.
V52,0.00104925,0.104925,D,Proprietary Vesta Internal Consortium (Obfuscated),None (No live upstream feed exists),Anonymous multi-entity consortium aggregations computed by Vesta internally,False,Anonymous V-features with undisclosed proprietary formulas. Cannot be reproduced reliably in production; must NOT be fabricated or median-imputed.
V53,0.00138043,0.138043,D,Proprietary Vesta Internal Consortium (Obfuscated),None (No live upstream feed exists),Anonymous multi-entity consortium aggregations computed by Vesta internally,False,Anonymous V-features with undisclosed proprietary formulas. Cannot be reproduced reliably in production; must NOT be fabricated or median-imputed.
V54,0.0028146,0.28146,D,Proprietary Vesta Internal Consortium (Obfuscated),None (No live upstream feed exists),Anonymous multi-entity consortium aggregations computed by Vesta internally,False,Anonymous V-features with undisclosed proprietary formulas. Cannot be reproduced reliably in production; must NOT be fabricated or median-imputed.
V55,0.00184871,0.184871,D,Proprietary Vesta Internal Consortium (Obfuscated),None (No live upstream feed exists),Anonymous multi-entity consortium aggregations computed by Vesta internally,False,Anonymous V-features with undisclosed proprietary formulas. Cannot be reproduced reliably in production; must NOT be fabricated or median-imputed.
V56,0.0018505,0.18505,D,Proprietary Vesta Internal Consortium (Obfuscated),None (No live upstream feed exists),Anonymous multi-entity consortium aggregations computed by Vesta internally,False,Anonymous V-features with undisclosed proprietary formulas. Cannot be reproduced reliably in production; must NOT be fabricated or median-imputed.
V57,0.00140448,0.140448,D,Proprietary Vesta Internal Consortium (Obfuscated),None (No live upstream feed exists),Anonymous multi-entity consortium aggregations computed by Vesta internally,False,Anonymous V-features with undisclosed proprietary formulas. Cannot be reproduced reliably in production; must NOT be fabricated or median-imputed.
V58,0.00096171,0.096171,D,Proprietary Vesta Internal Consortium (Obfuscated),None (No live upstream feed exists),Anonymous multi-entity consortium aggregations computed by Vesta internally,False,Anonymous V-features with undisclosed proprietary formulas. Cannot be reproduced reliably in production; must NOT be fabricated or median-imputed.
V59,0.00111494,0.111494,D,Proprietary Vesta Internal Consortium (Obfuscated),None (No live upstream feed exists),Anonymous multi-entity consortium aggregations computed by Vesta internally,False,Anonymous V-features with undisclosed proprietary formulas. Cannot be reproduced reliably in production; must NOT be fabricated or median-imputed.
V60,0.00195172,0.195172,D,Proprietary Vesta Internal Consortium (Obfuscated),None (No live upstream feed exists),Anonymous multi-entity consortium aggregations computed by Vesta internally,False,Anonymous V-features with undisclosed proprietary formulas. Cannot be reproduced reliably in production; must NOT be fabricated or median-imputed.
V61,0.00175302,0.175302,D,Proprietary Vesta Internal Consortium (Obfuscated),None (No live upstream feed exists),Anonymous multi-entity consortium aggregations computed by Vesta internally,False,Anonymous V-features with undisclosed proprietary formulas. Cannot be reproduced reliably in production; must NOT be fabricated or median-imputed.
V62,0.0018266,0.18266,D,Proprietary Vesta Internal Consortium (Obfuscated),None (No live upstream feed exists),Anonymous multi-entity consortium aggregations computed by Vesta internally,False,Anonymous V-features with undisclosed proprietary formulas. Cannot be reproduced reliably in production; must NOT be fabricated or median-imputed.
V63,0.0008201,0.08201,D,Proprietary Vesta Internal Consortium (Obfuscated),None (No live upstream feed exists),Anonymous multi-entity consortium aggregations computed by Vesta internally,False,Anonymous V-features with undisclosed proprietary formulas. Cannot be reproduced reliably in production; must NOT be fabricated or median-imputed.
V64,0.00088455,0.088455,D,Proprietary Vesta Internal Consortium (Obfuscated),None (No live upstream feed exists),Anonymous multi-entity consortium aggregations computed by Vesta internally,False,Anonymous V-features with undisclosed proprietary formulas. Cannot be reproduced reliably in production; must NOT be fabricated or median-imputed.
V65,0.0,0.0,D,Proprietary Vesta Internal Consortium (Obfuscated),None (No live upstream feed exists),Anonymous multi-entity consortium aggregations computed by Vesta internally,False,Anonymous V-features with undisclosed proprietary formulas. Cannot be reproduced reliably in production; must NOT be fabricated or median-imputed.
V66,0.00178113,0.178113,D,Proprietary Vesta Internal Consortium (Obfuscated),None (No live upstream feed exists),Anonymous multi-entity consortium aggregations computed by Vesta internally,False,Anonymous V-features with undisclosed proprietary formulas. Cannot be reproduced reliably in production; must NOT be fabricated or median-imputed.
V67,0.00214684,0.214684,D,Proprietary Vesta Internal Consortium (Obfuscated),None (No live upstream feed exists),Anonymous multi-entity consortium aggregations computed by Vesta internally,False,Anonymous V-features with undisclosed proprietary formulas. Cannot be reproduced reliably in production; must NOT be fabricated or median-imputed.
V68,0.0,0.0,D,Proprietary Vesta Internal Consortium (Obfuscated),None (No live upstream feed exists),Anonymous multi-entity consortium aggregations computed by Vesta internally,False,Anonymous V-features with undisclosed proprietary formulas. Cannot be reproduced reliably in production; must NOT be fabricated or median-imputed.
V69,0.00340582,0.340582,D,Proprietary Vesta Internal Consortium (Obfuscated),None (No live upstream feed exists),Anonymous multi-entity consortium aggregations computed by Vesta internally,False,Anonymous V-features with undisclosed proprietary formulas. Cannot be reproduced reliably in production; must NOT be fabricated or median-imputed.
V70,0.10123377,10.123377,D,Proprietary Vesta Internal Consortium (Obfuscated),None (No live upstream feed exists),Anonymous multi-entity consortium aggregations computed by Vesta internally,False,Anonymous V-features with undisclosed proprietary formulas. Cannot be reproduced reliably in production; must NOT be fabricated or median-imputed.
V71,0.00175204,0.175204,D,Proprietary Vesta Internal Consortium (Obfuscated),None (No live upstream feed exists),Anonymous multi-entity consortium aggregations computed by Vesta internally,False,Anonymous V-features with undisclosed proprietary formulas. Cannot be reproduced reliably in production; must NOT be fabricated or median-imputed.
V72,0.00111021,0.111021,D,Proprietary Vesta Internal Consortium (Obfuscated),None (No live upstream feed exists),Anonymous multi-entity consortium aggregations computed by Vesta internally,False,Anonymous V-features with undisclosed proprietary formulas. Cannot be reproduced reliably in production; must NOT be fabricated or median-imputed.
V73,0.00092982,0.092982,D,Proprietary Vesta Internal Consortium (Obfuscated),None (No live upstream feed exists),Anonymous multi-entity consortium aggregations computed by Vesta internally,False,Anonymous V-features with undisclosed proprietary formulas. Cannot be reproduced reliably in production; must NOT be fabricated or median-imputed.
V74,0.00123485,0.123485,D,Proprietary Vesta Internal Consortium (Obfuscated),None (No live upstream feed exists),Anonymous multi-entity consortium aggregations computed by Vesta internally,False,Anonymous V-features with undisclosed proprietary formulas. Cannot be reproduced reliably in production; must NOT be fabricated or median-imputed.
V75,0.00098445,0.098445,D,Proprietary Vesta Internal Consortium (Obfuscated),None (No live upstream feed exists),Anonymous multi-entity consortium aggregations computed by Vesta internally,False,Anonymous V-features with undisclosed proprietary formulas. Cannot be reproduced reliably in production; must NOT be fabricated or median-imputed.
V76,0.00136948,0.136948,D,Proprietary Vesta Internal Consortium (Obfuscated),None (No live upstream feed exists),Anonymous multi-entity consortium aggregations computed by Vesta internally,False,Anonymous V-features with undisclosed proprietary formulas. Cannot be reproduced reliably in production; must NOT be fabricated or median-imputed.
V77,0.00107539,0.107539,D,Proprietary Vesta Internal Consortium (Obfuscated),None (No live upstream feed exists),Anonymous multi-entity consortium aggregations computed by Vesta internally,False,Anonymous V-features with undisclosed proprietary formulas. Cannot be reproduced reliably in production; must NOT be fabricated or median-imputed.
V78,0.00133615,0.133615,D,Proprietary Vesta Internal Consortium (Obfuscated),None (No live upstream feed exists),Anonymous multi-entity consortium aggregations computed by Vesta internally,False,Anonymous V-features with undisclosed proprietary formulas. Cannot be reproduced reliably in production; must NOT be fabricated or median-imputed.
V79,0.00148138,0.148138,D,Proprietary Vesta Internal Consortium (Obfuscated),None (No live upstream feed exists),Anonymous multi-entity consortium aggregations computed by Vesta internally,False,Anonymous V-features with undisclosed proprietary formulas. Cannot be reproduced reliably in production; must NOT be fabricated or median-imputed.
V80,0.00055176,0.055176,D,Proprietary Vesta Internal Consortium (Obfuscated),None (No live upstream feed exists),Anonymous multi-entity consortium aggregations computed by Vesta internally,False,Anonymous V-features with undisclosed proprietary formulas. Cannot be reproduced reliably in production; must NOT be fabricated or median-imputed.
V81,0.00111419,0.111419,D,Proprietary Vesta Internal Consortium (Obfuscated),None (No live upstream feed exists),Anonymous multi-entity consortium aggregations computed by Vesta internally,False,Anonymous V-features with undisclosed proprietary formulas. Cannot be reproduced reliably in production; must NOT be fabricated or median-imputed.
V82,0.00142862,0.142862,D,Proprietary Vesta Internal Consortium (Obfuscated),None (No live upstream feed exists),Anonymous multi-entity consortium aggregations computed by Vesta internally,False,Anonymous V-features with undisclosed proprietary formulas. Cannot be reproduced reliably in production; must NOT be fabricated or median-imputed.
V83,0.00189909,0.189909,D,Proprietary Vesta Internal Consortium (Obfuscated),None (No live upstream feed exists),Anonymous multi-entity consortium aggregations computed by Vesta internally,False,Anonymous V-features with undisclosed proprietary formulas. Cannot be reproduced reliably in production; must NOT be fabricated or median-imputed.
V84,0.00110618,0.110618,D,Proprietary Vesta Internal Consortium (Obfuscated),None (No live upstream feed exists),Anonymous multi-entity consortium aggregations computed by Vesta internally,False,Anonymous V-features with undisclosed proprietary formulas. Cannot be reproduced reliably in production; must NOT be fabricated or median-imputed.
V85,0.00095811,0.095811,D,Proprietary Vesta Internal Consortium (Obfuscated),None (No live upstream feed exists),Anonymous multi-entity consortium aggregations computed by Vesta internally,False,Anonymous V-features with undisclosed proprietary formulas. Cannot be reproduced reliably in production; must NOT be fabricated or median-imputed.
V86,0.00162366,0.162366,D,Proprietary Vesta Internal Consortium (Obfuscated),None (No live upstream feed exists),Anonymous multi-entity consortium aggregations computed by Vesta internally,False,Anonymous V-features with undisclosed proprietary formulas. Cannot be reproduced reliably in production; must NOT be fabricated or median-imputed.
V87,0.00184819,0.184819,D,Proprietary Vesta Internal Consortium (Obfuscated),None (No live upstream feed exists),Anonymous multi-entity consortium aggregations computed by Vesta internally,False,Anonymous V-features with undisclosed proprietary formulas. Cannot be reproduced reliably in production; must NOT be fabricated or median-imputed.
V88,0.0,0.0,D,Proprietary Vesta Internal Consortium (Obfuscated),None (No live upstream feed exists),Anonymous multi-entity consortium aggregations computed by Vesta internally,False,Anonymous V-features with undisclosed proprietary formulas. Cannot be reproduced reliably in production; must NOT be fabricated or median-imputed.
V89,0.0,0.0,D,Proprietary Vesta Internal Consortium (Obfuscated),None (No live upstream feed exists),Anonymous multi-entity consortium aggregations computed by Vesta internally,False,Anonymous V-features with undisclosed proprietary formulas. Cannot be reproduced reliably in production; must NOT be fabricated or median-imputed.
V90,0.00151512,0.151512,D,Proprietary Vesta Internal Consortium (Obfuscated),None (No live upstream feed exists),Anonymous multi-entity consortium aggregations computed by Vesta internally,False,Anonymous V-features with undisclosed proprietary formulas. Cannot be reproduced reliably in production; must NOT be fabricated or median-imputed.
V91,0.05353527,5.353527,D,Proprietary Vesta Internal Consortium (Obfuscated),None (No live upstream feed exists),Anonymous multi-entity consortium aggregations computed by Vesta internally,False,Anonymous V-features with undisclosed proprietary formulas. Cannot be reproduced reliably in production; must NOT be fabricated or median-imputed.
V92,0.00240274,0.240274,D,Proprietary Vesta Internal Consortium (Obfuscated),None (No live upstream feed exists),Anonymous multi-entity consortium aggregations computed by Vesta internally,False,Anonymous V-features with undisclosed proprietary formulas. Cannot be reproduced reliably in production; must NOT be fabricated or median-imputed.
V93,0.00081914,0.081914,D,Proprietary Vesta Internal Consortium (Obfuscated),None (No live upstream feed exists),Anonymous multi-entity consortium aggregations computed by Vesta internally,False,Anonymous V-features with undisclosed proprietary formulas. Cannot be reproduced reliably in production; must NOT be fabricated or median-imputed.
V94,0.00088041,0.088041,D,Proprietary Vesta Internal Consortium (Obfuscated),None (No live upstream feed exists),Anonymous multi-entity consortium aggregations computed by Vesta internally,False,Anonymous V-features with undisclosed proprietary formulas. Cannot be reproduced reliably in production; must NOT be fabricated or median-imputed.
V95,0.00044368,0.044368,D,Proprietary Vesta Internal Consortium (Obfuscated),None (No live upstream feed exists),Anonymous multi-entity consortium aggregations computed by Vesta internally,False,Anonymous V-features with undisclosed proprietary formulas. Cannot be reproduced reliably in production; must NOT be fabricated or median-imputed.
V96,0.00132344,0.132344,D,Proprietary Vesta Internal Consortium (Obfuscated),None (No live upstream feed exists),Anonymous multi-entity consortium aggregations computed by Vesta internally,False,Anonymous V-features with undisclosed proprietary formulas. Cannot be reproduced reliably in production; must NOT be fabricated or median-imputed.
V97,0.0006668,0.06668,D,Proprietary Vesta Internal Consortium (Obfuscated),None (No live upstream feed exists),Anonymous multi-entity consortium aggregations computed by Vesta internally,False,Anonymous V-features with undisclosed proprietary formulas. Cannot be reproduced reliably in production; must NOT be fabricated or median-imputed.
V98,0.00030237,0.030237,D,Proprietary Vesta Internal Consortium (Obfuscated),None (No live upstream feed exists),Anonymous multi-entity consortium aggregations computed by Vesta internally,False,Anonymous V-features with undisclosed proprietary formulas. Cannot be reproduced reliably in production; must NOT be fabricated or median-imputed.
V99,0.00230195,0.230195,D,Proprietary Vesta Internal Consortium (Obfuscated),None (No live upstream feed exists),Anonymous multi-entity consortium aggregations computed by Vesta internally,False,Anonymous V-features with undisclosed proprietary formulas. Cannot be reproduced reliably in production; must NOT be fabricated or median-imputed.
V100,0.00162296,0.162296,D,Proprietary Vesta Internal Consortium (Obfuscated),None (No live upstream feed exists),Anonymous multi-entity consortium aggregations computed by Vesta internally,False,Anonymous V-features with undisclosed proprietary formulas. Cannot be reproduced reliably in production; must NOT be fabricated or median-imputed.
V101,0.00058975,0.058975,D,Proprietary Vesta Internal Consortium (Obfuscated),None (No live upstream feed exists),Anonymous multi-entity consortium aggregations computed by Vesta internally,False,Anonymous V-features with undisclosed proprietary formulas. Cannot be reproduced reliably in production; must NOT be fabricated or median-imputed.
V102,0.0022067,0.22067,D,Proprietary Vesta Internal Consortium (Obfuscated),None (No live upstream feed exists),Anonymous multi-entity consortium aggregations computed by Vesta internally,False,Anonymous V-features with undisclosed proprietary formulas. Cannot be reproduced reliably in production; must NOT be fabricated or median-imputed.
V103,0.00089992,0.089992,D,Proprietary Vesta Internal Consortium (Obfuscated),None (No live upstream feed exists),Anonymous multi-entity consortium aggregations computed by Vesta internally,False,Anonymous V-features with undisclosed proprietary formulas. Cannot be reproduced reliably in production; must NOT be fabricated or median-imputed.
V104,0.00059574,0.059574,D,Proprietary Vesta Internal Consortium (Obfuscated),None (No live upstream feed exists),Anonymous multi-entity consortium aggregations computed by Vesta internally,False,Anonymous V-features with undisclosed proprietary formulas. Cannot be reproduced reliably in production; must NOT be fabricated or median-imputed.
V105,0.00139318,0.139318,D,Proprietary Vesta Internal Consortium (Obfuscated),None (No live upstream feed exists),Anonymous multi-entity consortium aggregations computed by Vesta internally,False,Anonymous V-features with undisclosed proprietary formulas. Cannot be reproduced reliably in production; must NOT be fabricated or median-imputed.
V106,0.00267059,0.267059,D,Proprietary Vesta Internal Consortium (Obfuscated),None (No live upstream feed exists),Anonymous multi-entity consortium aggregations computed by Vesta internally,False,Anonymous V-features with undisclosed proprietary formulas. Cannot be reproduced reliably in production; must NOT be fabricated or median-imputed.
V107,0.0,0.0,D,Proprietary Vesta Internal Consortium (Obfuscated),None (No live upstream feed exists),Anonymous multi-entity consortium aggregations computed by Vesta internally,False,Anonymous V-features with undisclosed proprietary formulas. Cannot be reproduced reliably in production; must NOT be fabricated or median-imputed.
V108,0.00063492,0.063492,D,Proprietary Vesta Internal Consortium (Obfuscated),None (No live upstream feed exists),Anonymous multi-entity consortium aggregations computed by Vesta internally,False,Anonymous V-features with undisclosed proprietary formulas. Cannot be reproduced reliably in production; must NOT be fabricated or median-imputed.
V109,0.00198844,0.198844,D,Proprietary Vesta Internal Consortium (Obfuscated),None (No live upstream feed exists),Anonymous multi-entity consortium aggregations computed by Vesta internally,False,Anonymous V-features with undisclosed proprietary formulas. Cannot be reproduced reliably in production; must NOT be fabricated or median-imputed.
V110,0.00111334,0.111334,D,Proprietary Vesta Internal Consortium (Obfuscated),None (No live upstream feed exists),Anonymous multi-entity consortium aggregations computed by Vesta internally,False,Anonymous V-features with undisclosed proprietary formulas. Cannot be reproduced reliably in production; must NOT be fabricated or median-imputed.
V111,0.00013798,0.013798,D,Proprietary Vesta Internal Consortium (Obfuscated),None (No live upstream feed exists),Anonymous multi-entity consortium aggregations computed by Vesta internally,False,Anonymous V-features with undisclosed proprietary formulas. Cannot be reproduced reliably in production; must NOT be fabricated or median-imputed.
V112,0.00071554,0.071554,D,Proprietary Vesta Internal Consortium (Obfuscated),None (No live upstream feed exists),Anonymous multi-entity consortium aggregations computed by Vesta internally,False,Anonymous V-features with undisclosed proprietary formulas. Cannot be reproduced reliably in production; must NOT be fabricated or median-imputed.
V113,0.0,0.0,D,Proprietary Vesta Internal Consortium (Obfuscated),None (No live upstream feed exists),Anonymous multi-entity consortium aggregations computed by Vesta internally,False,Anonymous V-features with undisclosed proprietary formulas. Cannot be reproduced reliably in production; must NOT be fabricated or median-imputed.
V114,0.00141411,0.141411,D,Proprietary Vesta Internal Consortium (Obfuscated),None (No live upstream feed exists),Anonymous multi-entity consortium aggregations computed by Vesta internally,False,Anonymous V-features with undisclosed proprietary formulas. Cannot be reproduced reliably in production; must NOT be fabricated or median-imputed.
V115,0.00182929,0.182929,D,Proprietary Vesta Internal Consortium (Obfuscated),None (No live upstream feed exists),Anonymous multi-entity consortium aggregations computed by Vesta internally,False,Anonymous V-features with undisclosed proprietary formulas. Cannot be reproduced reliably in production; must NOT be fabricated or median-imputed.
V116,0.00026883,0.026883,D,Proprietary Vesta Internal Consortium (Obfuscated),None (No live upstream feed exists),Anonymous multi-entity consortium aggregations computed by Vesta internally,False,Anonymous V-features with undisclosed proprietary formulas. Cannot be reproduced reliably in production; must NOT be fabricated or median-imputed.
V117,0.0,0.0,D,Proprietary Vesta Internal Consortium (Obfuscated),None (No live upstream feed exists),Anonymous multi-entity consortium aggregations computed by Vesta internally,False,Anonymous V-features with undisclosed proprietary formulas. Cannot be reproduced reliably in production; must NOT be fabricated or median-imputed.
V118,0.0,0.0,D,Proprietary Vesta Internal Consortium (Obfuscated),None (No live upstream feed exists),Anonymous multi-entity consortium aggregations computed by Vesta internally,False,Anonymous V-features with undisclosed proprietary formulas. Cannot be reproduced reliably in production; must NOT be fabricated or median-imputed.
V119,0.0,0.0,D,Proprietary Vesta Internal Consortium (Obfuscated),None (No live upstream feed exists),Anonymous multi-entity consortium aggregations computed by Vesta internally,False,Anonymous V-features with undisclosed proprietary formulas. Cannot be reproduced reliably in production; must NOT be fabricated or median-imputed.
V120,0.0,0.0,D,Proprietary Vesta Internal Consortium (Obfuscated),None (No live upstream feed exists),Anonymous multi-entity consortium aggregations computed by Vesta internally,False,Anonymous V-features with undisclosed proprietary formulas. Cannot be reproduced reliably in production; must NOT be fabricated or median-imputed.
V121,0.00122163,0.122163,D,Proprietary Vesta Internal Consortium (Obfuscated),None (No live upstream feed exists),Anonymous multi-entity consortium aggregations computed by Vesta internally,False,Anonymous V-features with undisclosed proprietary formulas. Cannot be reproduced reliably in production; must NOT be fabricated or median-imputed.
V122,0.0,0.0,D,Proprietary Vesta Internal Consortium (Obfuscated),None (No live upstream feed exists),Anonymous multi-entity consortium aggregations computed by Vesta internally,False,Anonymous V-features with undisclosed proprietary formulas. Cannot be reproduced reliably in production; must NOT be fabricated or median-imputed.
V123,0.00082746,0.082746,D,Proprietary Vesta Internal Consortium (Obfuscated),None (No live upstream feed exists),Anonymous multi-entity consortium aggregations computed by Vesta internally,False,Anonymous V-features with undisclosed proprietary formulas. Cannot be reproduced reliably in production; must NOT be fabricated or median-imputed.
V124,0.00118719,0.118719,D,Proprietary Vesta Internal Consortium (Obfuscated),None (No live upstream feed exists),Anonymous multi-entity consortium aggregations computed by Vesta internally,False,Anonymous V-features with undisclosed proprietary formulas. Cannot be reproduced reliably in production; must NOT be fabricated or median-imputed.
V125,0.00141238,0.141238,D,Proprietary Vesta Internal Consortium (Obfuscated),None (No live upstream feed exists),Anonymous multi-entity consortium aggregations computed by Vesta internally,False,Anonymous V-features with undisclosed proprietary formulas. Cannot be reproduced reliably in production; must NOT be fabricated or median-imputed.
V126,0.00146227,0.146227,D,Proprietary Vesta Internal Consortium (Obfuscated),None (No live upstream feed exists),Anonymous multi-entity consortium aggregations computed by Vesta internally,False,Anonymous V-features with undisclosed proprietary formulas. Cannot be reproduced reliably in production; must NOT be fabricated or median-imputed.
V127,0.00071327,0.071327,D,Proprietary Vesta Internal Consortium (Obfuscated),None (No live upstream feed exists),Anonymous multi-entity consortium aggregations computed by Vesta internally,False,Anonymous V-features with undisclosed proprietary formulas. Cannot be reproduced reliably in production; must NOT be fabricated or median-imputed.
V128,0.00104792,0.104792,D,Proprietary Vesta Internal Consortium (Obfuscated),None (No live upstream feed exists),Anonymous multi-entity consortium aggregations computed by Vesta internally,False,Anonymous V-features with undisclosed proprietary formulas. Cannot be reproduced reliably in production; must NOT be fabricated or median-imputed.
V129,0.00212297,0.212297,D,Proprietary Vesta Internal Consortium (Obfuscated),None (No live upstream feed exists),Anonymous multi-entity consortium aggregations computed by Vesta internally,False,Anonymous V-features with undisclosed proprietary formulas. Cannot be reproduced reliably in production; must NOT be fabricated or median-imputed.
V130,0.00118881,0.118881,D,Proprietary Vesta Internal Consortium (Obfuscated),None (No live upstream feed exists),Anonymous multi-entity consortium aggregations computed by Vesta internally,False,Anonymous V-features with undisclosed proprietary formulas. Cannot be reproduced reliably in production; must NOT be fabricated or median-imputed.
V131,0.00111348,0.111348,D,Proprietary Vesta Internal Consortium (Obfuscated),None (No live upstream feed exists),Anonymous multi-entity consortium aggregations computed by Vesta internally,False,Anonymous V-features with undisclosed proprietary formulas. Cannot be reproduced reliably in production; must NOT be fabricated or median-imputed.
V132,0.00091659,0.091659,D,Proprietary Vesta Internal Consortium (Obfuscated),None (No live upstream feed exists),Anonymous multi-entity consortium aggregations computed by Vesta internally,False,Anonymous V-features with undisclosed proprietary formulas. Cannot be reproduced reliably in production; must NOT be fabricated or median-imputed.
V133,0.00170889,0.170889,D,Proprietary Vesta Internal Consortium (Obfuscated),None (No live upstream feed exists),Anonymous multi-entity consortium aggregations computed by Vesta internally,False,Anonymous V-features with undisclosed proprietary formulas. Cannot be reproduced reliably in production; must NOT be fabricated or median-imputed.
V134,0.00073626,0.073626,D,Proprietary Vesta Internal Consortium (Obfuscated),None (No live upstream feed exists),Anonymous multi-entity consortium aggregations computed by Vesta internally,False,Anonymous V-features with undisclosed proprietary formulas. Cannot be reproduced reliably in production; must NOT be fabricated or median-imputed.
V135,0.00085088,0.085088,D,Proprietary Vesta Internal Consortium (Obfuscated),None (No live upstream feed exists),Anonymous multi-entity consortium aggregations computed by Vesta internally,False,Anonymous V-features with undisclosed proprietary formulas. Cannot be reproduced reliably in production; must NOT be fabricated or median-imputed.
V136,0.00132009,0.132009,D,Proprietary Vesta Internal Consortium (Obfuscated),None (No live upstream feed exists),Anonymous multi-entity consortium aggregations computed by Vesta internally,False,Anonymous V-features with undisclosed proprietary formulas. Cannot be reproduced reliably in production; must NOT be fabricated or median-imputed.
V137,0.00107869,0.107869,D,Proprietary Vesta Internal Consortium (Obfuscated),None (No live upstream feed exists),Anonymous multi-entity consortium aggregations computed by Vesta internally,False,Anonymous V-features with undisclosed proprietary formulas. Cannot be reproduced reliably in production; must NOT be fabricated or median-imputed.
V138,0.00113411,0.113411,D,Proprietary Vesta Internal Consortium (Obfuscated),None (No live upstream feed exists),Anonymous multi-entity consortium aggregations computed by Vesta internally,False,Anonymous V-features with undisclosed proprietary formulas. Cannot be reproduced reliably in production; must NOT be fabricated or median-imputed.
V139,0.00103016,0.103016,D,Proprietary Vesta Internal Consortium (Obfuscated),None (No live upstream feed exists),Anonymous multi-entity consortium aggregations computed by Vesta internally,False,Anonymous V-features with undisclosed proprietary formulas. Cannot be reproduced reliably in production; must NOT be fabricated or median-imputed.
V140,0.00158679,0.158679,D,Proprietary Vesta Internal Consortium (Obfuscated),None (No live upstream feed exists),Anonymous multi-entity consortium aggregations computed by Vesta internally,False,Anonymous V-features with undisclosed proprietary formulas. Cannot be reproduced reliably in production; must NOT be fabricated or median-imputed.
V141,0.00091759,0.091759,D,Proprietary Vesta Internal Consortium (Obfuscated),None (No live upstream feed exists),Anonymous multi-entity consortium aggregations computed by Vesta internally,False,Anonymous V-features with undisclosed proprietary formulas. Cannot be reproduced reliably in production; must NOT be fabricated or median-imputed.
V142,0.00129282,0.129282,D,Proprietary Vesta Internal Consortium (Obfuscated),None (No live upstream feed exists),Anonymous multi-entity consortium aggregations computed by Vesta internally,False,Anonymous V-features with undisclosed proprietary formulas. Cannot be reproduced reliably in production; must NOT be fabricated or median-imputed.
V143,0.00098196,0.098196,D,Proprietary Vesta Internal Consortium (Obfuscated),None (No live upstream feed exists),Anonymous multi-entity consortium aggregations computed by Vesta internally,False,Anonymous V-features with undisclosed proprietary formulas. Cannot be reproduced reliably in production; must NOT be fabricated or median-imputed.
V144,0.00120336,0.120336,D,Proprietary Vesta Internal Consortium (Obfuscated),None (No live upstream feed exists),Anonymous multi-entity consortium aggregations computed by Vesta internally,False,Anonymous V-features with undisclosed proprietary formulas. Cannot be reproduced reliably in production; must NOT be fabricated or median-imputed.
V145,0.00202748,0.202748,D,Proprietary Vesta Internal Consortium (Obfuscated),None (No live upstream feed exists),Anonymous multi-entity consortium aggregations computed by Vesta internally,False,Anonymous V-features with undisclosed proprietary formulas. Cannot be reproduced reliably in production; must NOT be fabricated or median-imputed.
V146,0.00197774,0.197774,D,Proprietary Vesta Internal Consortium (Obfuscated),None (No live upstream feed exists),Anonymous multi-entity consortium aggregations computed by Vesta internally,False,Anonymous V-features with undisclosed proprietary formulas. Cannot be reproduced reliably in production; must NOT be fabricated or median-imputed.
V147,0.00055878,0.055878,D,Proprietary Vesta Internal Consortium (Obfuscated),None (No live upstream feed exists),Anonymous multi-entity consortium aggregations computed by Vesta internally,False,Anonymous V-features with undisclosed proprietary formulas. Cannot be reproduced reliably in production; must NOT be fabricated or median-imputed.
V148,0.00185683,0.185683,D,Proprietary Vesta Internal Consortium (Obfuscated),None (No live upstream feed exists),Anonymous multi-entity consortium aggregations computed by Vesta internally,False,Anonymous V-features with undisclosed proprietary formulas. Cannot be reproduced reliably in production; must NOT be fabricated or median-imputed.
V149,0.00287312,0.287312,D,Proprietary Vesta Internal Consortium (Obfuscated),None (No live upstream feed exists),Anonymous multi-entity consortium aggregations computed by Vesta internally,False,Anonymous V-features with undisclosed proprietary formulas. Cannot be reproduced reliably in production; must NOT be fabricated or median-imputed.
V150,0.0009494,0.09494,D,Proprietary Vesta Internal Consortium (Obfuscated),None (No live upstream feed exists),Anonymous multi-entity consortium aggregations computed by Vesta internally,False,Anonymous V-features with undisclosed proprietary formulas. Cannot be reproduced reliably in production; must NOT be fabricated or median-imputed.
V151,0.00096905,0.096905,D,Proprietary Vesta Internal Consortium (Obfuscated),None (No live upstream feed exists),Anonymous multi-entity consortium aggregations computed by Vesta internally,False,Anonymous V-features with undisclosed proprietary formulas. Cannot be reproduced reliably in production; must NOT be fabricated or median-imputed.
V152,0.00133293,0.133293,D,Proprietary Vesta Internal Consortium (Obfuscated),None (No live upstream feed exists),Anonymous multi-entity consortium aggregations computed by Vesta internally,False,Anonymous V-features with undisclosed proprietary formulas. Cannot be reproduced reliably in production; must NOT be fabricated or median-imputed.
V153,0.00037602,0.037602,D,Proprietary Vesta Internal Consortium (Obfuscated),None (No live upstream feed exists),Anonymous multi-entity consortium aggregations computed by Vesta internally,False,Anonymous V-features with undisclosed proprietary formulas. Cannot be reproduced reliably in production; must NOT be fabricated or median-imputed.
V154,0.00013002,0.013002,D,Proprietary Vesta Internal Consortium (Obfuscated),None (No live upstream feed exists),Anonymous multi-entity consortium aggregations computed by Vesta internally,False,Anonymous V-features with undisclosed proprietary formulas. Cannot be reproduced reliably in production; must NOT be fabricated or median-imputed.
V155,0.00081121,0.081121,D,Proprietary Vesta Internal Consortium (Obfuscated),None (No live upstream feed exists),Anonymous multi-entity consortium aggregations computed by Vesta internally,False,Anonymous V-features with undisclosed proprietary formulas. Cannot be reproduced reliably in production; must NOT be fabricated or median-imputed.
V156,0.00297231,0.297231,D,Proprietary Vesta Internal Consortium (Obfuscated),None (No live upstream feed exists),Anonymous multi-entity consortium aggregations computed by Vesta internally,False,Anonymous V-features with undisclosed proprietary formulas. Cannot be reproduced reliably in production; must NOT be fabricated or median-imputed.
V157,0.00104853,0.104853,D,Proprietary Vesta Internal Consortium (Obfuscated),None (No live upstream feed exists),Anonymous multi-entity consortium aggregations computed by Vesta internally,False,Anonymous V-features with undisclosed proprietary formulas. Cannot be reproduced reliably in production; must NOT be fabricated or median-imputed.
V158,0.00037647,0.037647,D,Proprietary Vesta Internal Consortium (Obfuscated),None (No live upstream feed exists),Anonymous multi-entity consortium aggregations computed by Vesta internally,False,Anonymous V-features with undisclosed proprietary formulas. Cannot be reproduced reliably in production; must NOT be fabricated or median-imputed.
V159,0.00207382,0.207382,D,Proprietary Vesta Internal Consortium (Obfuscated),None (No live upstream feed exists),Anonymous multi-entity consortium aggregations computed by Vesta internally,False,Anonymous V-features with undisclosed proprietary formulas. Cannot be reproduced reliably in production; must NOT be fabricated or median-imputed.
V160,0.00265132,0.265132,D,Proprietary Vesta Internal Consortium (Obfuscated),None (No live upstream feed exists),Anonymous multi-entity consortium aggregations computed by Vesta internally,False,Anonymous V-features with undisclosed proprietary formulas. Cannot be reproduced reliably in production; must NOT be fabricated or median-imputed.
V161,0.0018682,0.18682,D,Proprietary Vesta Internal Consortium (Obfuscated),None (No live upstream feed exists),Anonymous multi-entity consortium aggregations computed by Vesta internally,False,Anonymous V-features with undisclosed proprietary formulas. Cannot be reproduced reliably in production; must NOT be fabricated or median-imputed.
V162,0.00165972,0.165972,D,Proprietary Vesta Internal Consortium (Obfuscated),None (No live upstream feed exists),Anonymous multi-entity consortium aggregations computed by Vesta internally,False,Anonymous V-features with undisclosed proprietary formulas. Cannot be reproduced reliably in production; must NOT be fabricated or median-imputed.
V163,0.00182347,0.182347,D,Proprietary Vesta Internal Consortium (Obfuscated),None (No live upstream feed exists),Anonymous multi-entity consortium aggregations computed by Vesta internally,False,Anonymous V-features with undisclosed proprietary formulas. Cannot be reproduced reliably in production; must NOT be fabricated or median-imputed.
V164,0.00168521,0.168521,D,Proprietary Vesta Internal Consortium (Obfuscated),None (No live upstream feed exists),Anonymous multi-entity consortium aggregations computed by Vesta internally,False,Anonymous V-features with undisclosed proprietary formulas. Cannot be reproduced reliably in production; must NOT be fabricated or median-imputed.
V165,0.00163527,0.163527,D,Proprietary Vesta Internal Consortium (Obfuscated),None (No live upstream feed exists),Anonymous multi-entity consortium aggregations computed by Vesta internally,False,Anonymous V-features with undisclosed proprietary formulas. Cannot be reproduced reliably in production; must NOT be fabricated or median-imputed.
V166,0.00108333,0.108333,D,Proprietary Vesta Internal Consortium (Obfuscated),None (No live upstream feed exists),Anonymous multi-entity consortium aggregations computed by Vesta internally,False,Anonymous V-features with undisclosed proprietary formulas. Cannot be reproduced reliably in production; must NOT be fabricated or median-imputed.
V167,0.00027891,0.027891,D,Proprietary Vesta Internal Consortium (Obfuscated),None (No live upstream feed exists),Anonymous multi-entity consortium aggregations computed by Vesta internally,False,Anonymous V-features with undisclosed proprietary formulas. Cannot be reproduced reliably in production; must NOT be fabricated or median-imputed.
V168,0.00115952,0.115952,D,Proprietary Vesta Internal Consortium (Obfuscated),None (No live upstream feed exists),Anonymous multi-entity consortium aggregations computed by Vesta internally,False,Anonymous V-features with undisclosed proprietary formulas. Cannot be reproduced reliably in production; must NOT be fabricated or median-imputed.
V169,0.00070628,0.070628,D,Proprietary Vesta Internal Consortium (Obfuscated),None (No live upstream feed exists),Anonymous multi-entity consortium aggregations computed by Vesta internally,False,Anonymous V-features with undisclosed proprietary formulas. Cannot be reproduced reliably in production; must NOT be fabricated or median-imputed.
V170,0.00095375,0.095375,D,Proprietary Vesta Internal Consortium (Obfuscated),None (No live upstream feed exists),Anonymous multi-entity consortium aggregations computed by Vesta internally,False,Anonymous V-features with undisclosed proprietary formulas. Cannot be reproduced reliably in production; must NOT be fabricated or median-imputed.
V171,0.00060686,0.060686,D,Proprietary Vesta Internal Consortium (Obfuscated),None (No live upstream feed exists),Anonymous multi-entity consortium aggregations computed by Vesta internally,False,Anonymous V-features with undisclosed proprietary formulas. Cannot be reproduced reliably in production; must NOT be fabricated or median-imputed.
V172,0.00089357,0.089357,D,Proprietary Vesta Internal Consortium (Obfuscated),None (No live upstream feed exists),Anonymous multi-entity consortium aggregations computed by Vesta internally,False,Anonymous V-features with undisclosed proprietary formulas. Cannot be reproduced reliably in production; must NOT be fabricated or median-imputed.
V173,0.0028031,0.28031,D,Proprietary Vesta Internal Consortium (Obfuscated),None (No live upstream feed exists),Anonymous multi-entity consortium aggregations computed by Vesta internally,False,Anonymous V-features with undisclosed proprietary formulas. Cannot be reproduced reliably in production; must NOT be fabricated or median-imputed.
V174,0.0055467,0.55467,D,Proprietary Vesta Internal Consortium (Obfuscated),None (No live upstream feed exists),Anonymous multi-entity consortium aggregations computed by Vesta internally,False,Anonymous V-features with undisclosed proprietary formulas. Cannot be reproduced reliably in production; must NOT be fabricated or median-imputed.
V175,0.00120845,0.120845,D,Proprietary Vesta Internal Consortium (Obfuscated),None (No live upstream feed exists),Anonymous multi-entity consortium aggregations computed by Vesta internally,False,Anonymous V-features with undisclosed proprietary formulas. Cannot be reproduced reliably in production; must NOT be fabricated or median-imputed.
V176,0.0010864,0.10864,D,Proprietary Vesta Internal Consortium (Obfuscated),None (No live upstream feed exists),Anonymous multi-entity consortium aggregations computed by Vesta internally,False,Anonymous V-features with undisclosed proprietary formulas. Cannot be reproduced reliably in production; must NOT be fabricated or median-imputed.
V177,0.00183151,0.183151,D,Proprietary Vesta Internal Consortium (Obfuscated),None (No live upstream feed exists),Anonymous multi-entity consortium aggregations computed by Vesta internally,False,Anonymous V-features with undisclosed proprietary formulas. Cannot be reproduced reliably in production; must NOT be fabricated or median-imputed.
V178,0.00124145,0.124145,D,Proprietary Vesta Internal Consortium (Obfuscated),None (No live upstream feed exists),Anonymous multi-entity consortium aggregations computed by Vesta internally,False,Anonymous V-features with undisclosed proprietary formulas. Cannot be reproduced reliably in production; must NOT be fabricated or median-imputed.
V179,0.00046488,0.046488,D,Proprietary Vesta Internal Consortium (Obfuscated),None (No live upstream feed exists),Anonymous multi-entity consortium aggregations computed by Vesta internally,False,Anonymous V-features with undisclosed proprietary formulas. Cannot be reproduced reliably in production; must NOT be fabricated or median-imputed.
V180,0.00076175,0.076175,D,Proprietary Vesta Internal Consortium (Obfuscated),None (No live upstream feed exists),Anonymous multi-entity consortium aggregations computed by Vesta internally,False,Anonymous V-features with undisclosed proprietary formulas. Cannot be reproduced reliably in production; must NOT be fabricated or median-imputed.
V181,0.00072034,0.072034,D,Proprietary Vesta Internal Consortium (Obfuscated),None (No live upstream feed exists),Anonymous multi-entity consortium aggregations computed by Vesta internally,False,Anonymous V-features with undisclosed proprietary formulas. Cannot be reproduced reliably in production; must NOT be fabricated or median-imputed.
V182,0.00093323,0.093323,D,Proprietary Vesta Internal Consortium (Obfuscated),None (No live upstream feed exists),Anonymous multi-entity consortium aggregations computed by Vesta internally,False,Anonymous V-features with undisclosed proprietary formulas. Cannot be reproduced reliably in production; must NOT be fabricated or median-imputed.
V183,0.00126385,0.126385,D,Proprietary Vesta Internal Consortium (Obfuscated),None (No live upstream feed exists),Anonymous multi-entity consortium aggregations computed by Vesta internally,False,Anonymous V-features with undisclosed proprietary formulas. Cannot be reproduced reliably in production; must NOT be fabricated or median-imputed.
V184,0.00092554,0.092554,D,Proprietary Vesta Internal Consortium (Obfuscated),None (No live upstream feed exists),Anonymous multi-entity consortium aggregations computed by Vesta internally,False,Anonymous V-features with undisclosed proprietary formulas. Cannot be reproduced reliably in production; must NOT be fabricated or median-imputed.
V185,0.00054451,0.054451,D,Proprietary Vesta Internal Consortium (Obfuscated),None (No live upstream feed exists),Anonymous multi-entity consortium aggregations computed by Vesta internally,False,Anonymous V-features with undisclosed proprietary formulas. Cannot be reproduced reliably in production; must NOT be fabricated or median-imputed.
V186,0.00095774,0.095774,D,Proprietary Vesta Internal Consortium (Obfuscated),None (No live upstream feed exists),Anonymous multi-entity consortium aggregations computed by Vesta internally,False,Anonymous V-features with undisclosed proprietary formulas. Cannot be reproduced reliably in production; must NOT be fabricated or median-imputed.
V187,0.00751405,0.751405,D,Proprietary Vesta Internal Consortium (Obfuscated),None (No live upstream feed exists),Anonymous multi-entity consortium aggregations computed by Vesta internally,False,Anonymous V-features with undisclosed proprietary formulas. Cannot be reproduced reliably in production; must NOT be fabricated or median-imputed.
V188,0.001154,0.1154,D,Proprietary Vesta Internal Consortium (Obfuscated),None (No live upstream feed exists),Anonymous multi-entity consortium aggregations computed by Vesta internally,False,Anonymous V-features with undisclosed proprietary formulas. Cannot be reproduced reliably in production; must NOT be fabricated or median-imputed.
V189,0.00124664,0.124665,D,Proprietary Vesta Internal Consortium (Obfuscated),None (No live upstream feed exists),Anonymous multi-entity consortium aggregations computed by Vesta internally,False,Anonymous V-features with undisclosed proprietary formulas. Cannot be reproduced reliably in production; must NOT be fabricated or median-imputed.
V190,0.00094553,0.094553,D,Proprietary Vesta Internal Consortium (Obfuscated),None (No live upstream feed exists),Anonymous multi-entity consortium aggregations computed by Vesta internally,False,Anonymous V-features with undisclosed proprietary formulas. Cannot be reproduced reliably in production; must NOT be fabricated or median-imputed.
V191,0.00258551,0.258551,D,Proprietary Vesta Internal Consortium (Obfuscated),None (No live upstream feed exists),Anonymous multi-entity consortium aggregations computed by Vesta internally,False,Anonymous V-features with undisclosed proprietary formulas. Cannot be reproduced reliably in production; must NOT be fabricated or median-imputed.
V192,0.00172854,0.172854,D,Proprietary Vesta Internal Consortium (Obfuscated),None (No live upstream feed exists),Anonymous multi-entity consortium aggregations computed by Vesta internally,False,Anonymous V-features with undisclosed proprietary formulas. Cannot be reproduced reliably in production; must NOT be fabricated or median-imputed.
V193,0.00162539,0.162539,D,Proprietary Vesta Internal Consortium (Obfuscated),None (No live upstream feed exists),Anonymous multi-entity consortium aggregations computed by Vesta internally,False,Anonymous V-features with undisclosed proprietary formulas. Cannot be reproduced reliably in production; must NOT be fabricated or median-imputed.
V194,0.00043466,0.043466,D,Proprietary Vesta Internal Consortium (Obfuscated),None (No live upstream feed exists),Anonymous multi-entity consortium aggregations computed by Vesta internally,False,Anonymous V-features with undisclosed proprietary formulas. Cannot be reproduced reliably in production; must NOT be fabricated or median-imputed.
V195,0.0001223,0.01223,D,Proprietary Vesta Internal Consortium (Obfuscated),None (No live upstream feed exists),Anonymous multi-entity consortium aggregations computed by Vesta internally,False,Anonymous V-features with undisclosed proprietary formulas. Cannot be reproduced reliably in production; must NOT be fabricated or median-imputed.
V196,0.00045745,0.045745,D,Proprietary Vesta Internal Consortium (Obfuscated),None (No live upstream feed exists),Anonymous multi-entity consortium aggregations computed by Vesta internally,False,Anonymous V-features with undisclosed proprietary formulas. Cannot be reproduced reliably in production; must NOT be fabricated or median-imputed.
V197,0.00192207,0.192207,D,Proprietary Vesta Internal Consortium (Obfuscated),None (No live upstream feed exists),Anonymous multi-entity consortium aggregations computed by Vesta internally,False,Anonymous V-features with undisclosed proprietary formulas. Cannot be reproduced reliably in production; must NOT be fabricated or median-imputed.
V198,0.00013565,0.013565,D,Proprietary Vesta Internal Consortium (Obfuscated),None (No live upstream feed exists),Anonymous multi-entity consortium aggregations computed by Vesta internally,False,Anonymous V-features with undisclosed proprietary formulas. Cannot be reproduced reliably in production; must NOT be fabricated or median-imputed.
V199,0.00600132,0.600132,D,Proprietary Vesta Internal Consortium (Obfuscated),None (No live upstream feed exists),Anonymous multi-entity consortium aggregations computed by Vesta internally,False,Anonymous V-features with undisclosed proprietary formulas. Cannot be reproduced reliably in production; must NOT be fabricated or median-imputed.
V200,0.00081119,0.081119,D,Proprietary Vesta Internal Consortium (Obfuscated),None (No live upstream feed exists),Anonymous multi-entity consortium aggregations computed by Vesta internally,False,Anonymous V-features with undisclosed proprietary formulas. Cannot be reproduced reliably in production; must NOT be fabricated or median-imputed.
V201,0.02305144,2.305144,D,Proprietary Vesta Internal Consortium (Obfuscated),None (No live upstream feed exists),Anonymous multi-entity consortium aggregations computed by Vesta internally,False,Anonymous V-features with undisclosed proprietary formulas. Cannot be reproduced reliably in production; must NOT be fabricated or median-imputed.
V202,0.00063466,0.063466,D,Proprietary Vesta Internal Consortium (Obfuscated),None (No live upstream feed exists),Anonymous multi-entity consortium aggregations computed by Vesta internally,False,Anonymous V-features with undisclosed proprietary formulas. Cannot be reproduced reliably in production; must NOT be fabricated or median-imputed.
V203,0.00078269,0.078269,D,Proprietary Vesta Internal Consortium (Obfuscated),None (No live upstream feed exists),Anonymous multi-entity consortium aggregations computed by Vesta internally,False,Anonymous V-features with undisclosed proprietary formulas. Cannot be reproduced reliably in production; must NOT be fabricated or median-imputed.
V204,0.00047936,0.047936,D,Proprietary Vesta Internal Consortium (Obfuscated),None (No live upstream feed exists),Anonymous multi-entity consortium aggregations computed by Vesta internally,False,Anonymous V-features with undisclosed proprietary formulas. Cannot be reproduced reliably in production; must NOT be fabricated or median-imputed.
V205,0.00131613,0.131613,D,Proprietary Vesta Internal Consortium (Obfuscated),None (No live upstream feed exists),Anonymous multi-entity consortium aggregations computed by Vesta internally,False,Anonymous V-features with undisclosed proprietary formulas. Cannot be reproduced reliably in production; must NOT be fabricated or median-imputed.
V206,0.0014356,0.14356,D,Proprietary Vesta Internal Consortium (Obfuscated),None (No live upstream feed exists),Anonymous multi-entity consortium aggregations computed by Vesta internally,False,Anonymous V-features with undisclosed proprietary formulas. Cannot be reproduced reliably in production; must NOT be fabricated or median-imputed.
V207,0.0011216,0.11216,D,Proprietary Vesta Internal Consortium (Obfuscated),None (No live upstream feed exists),Anonymous multi-entity consortium aggregations computed by Vesta internally,False,Anonymous V-features with undisclosed proprietary formulas. Cannot be reproduced reliably in production; must NOT be fabricated or median-imputed.
V208,0.00138703,0.138703,D,Proprietary Vesta Internal Consortium (Obfuscated),None (No live upstream feed exists),Anonymous multi-entity consortium aggregations computed by Vesta internally,False,Anonymous V-features with undisclosed proprietary formulas. Cannot be reproduced reliably in production; must NOT be fabricated or median-imputed.
V209,0.00049682,0.049682,D,Proprietary Vesta Internal Consortium (Obfuscated),None (No live upstream feed exists),Anonymous multi-entity consortium aggregations computed by Vesta internally,False,Anonymous V-features with undisclosed proprietary formulas. Cannot be reproduced reliably in production; must NOT be fabricated or median-imputed.
V210,0.00073531,0.073531,D,Proprietary Vesta Internal Consortium (Obfuscated),None (No live upstream feed exists),Anonymous multi-entity consortium aggregations computed by Vesta internally,False,Anonymous V-features with undisclosed proprietary formulas. Cannot be reproduced reliably in production; must NOT be fabricated or median-imputed.
V211,0.00071003,0.071003,D,Proprietary Vesta Internal Consortium (Obfuscated),None (No live upstream feed exists),Anonymous multi-entity consortium aggregations computed by Vesta internally,False,Anonymous V-features with undisclosed proprietary formulas. Cannot be reproduced reliably in production; must NOT be fabricated or median-imputed.
V212,0.00034745,0.034745,D,Proprietary Vesta Internal Consortium (Obfuscated),None (No live upstream feed exists),Anonymous multi-entity consortium aggregations computed by Vesta internally,False,Anonymous V-features with undisclosed proprietary formulas. Cannot be reproduced reliably in production; must NOT be fabricated or median-imputed.
V213,0.00043602,0.043602,D,Proprietary Vesta Internal Consortium (Obfuscated),None (No live upstream feed exists),Anonymous multi-entity consortium aggregations computed by Vesta internally,False,Anonymous V-features with undisclosed proprietary formulas. Cannot be reproduced reliably in production; must NOT be fabricated or median-imputed.
V214,0.00058895,0.058895,D,Proprietary Vesta Internal Consortium (Obfuscated),None (No live upstream feed exists),Anonymous multi-entity consortium aggregations computed by Vesta internally,False,Anonymous V-features with undisclosed proprietary formulas. Cannot be reproduced reliably in production; must NOT be fabricated or median-imputed.
V215,0.0005026,0.05026,D,Proprietary Vesta Internal Consortium (Obfuscated),None (No live upstream feed exists),Anonymous multi-entity consortium aggregations computed by Vesta internally,False,Anonymous V-features with undisclosed proprietary formulas. Cannot be reproduced reliably in production; must NOT be fabricated or median-imputed.
V216,0.00089827,0.089827,D,Proprietary Vesta Internal Consortium (Obfuscated),None (No live upstream feed exists),Anonymous multi-entity consortium aggregations computed by Vesta internally,False,Anonymous V-features with undisclosed proprietary formulas. Cannot be reproduced reliably in production; must NOT be fabricated or median-imputed.
V217,0.00089185,0.089185,D,Proprietary Vesta Internal Consortium (Obfuscated),None (No live upstream feed exists),Anonymous multi-entity consortium aggregations computed by Vesta internally,False,Anonymous V-features with undisclosed proprietary formulas. Cannot be reproduced reliably in production; must NOT be fabricated or median-imputed.
V218,0.00041971,0.041971,D,Proprietary Vesta Internal Consortium (Obfuscated),None (No live upstream feed exists),Anonymous multi-entity consortium aggregations computed by Vesta internally,False,Anonymous V-features with undisclosed proprietary formulas. Cannot be reproduced reliably in production; must NOT be fabricated or median-imputed.
V219,0.00090909,0.090909,D,Proprietary Vesta Internal Consortium (Obfuscated),None (No live upstream feed exists),Anonymous multi-entity consortium aggregations computed by Vesta internally,False,Anonymous V-features with undisclosed proprietary formulas. Cannot be reproduced reliably in production; must NOT be fabricated or median-imputed.
V220,0.00110309,0.110309,D,Proprietary Vesta Internal Consortium (Obfuscated),None (No live upstream feed exists),Anonymous multi-entity consortium aggregations computed by Vesta internally,False,Anonymous V-features with undisclosed proprietary formulas. Cannot be reproduced reliably in production; must NOT be fabricated or median-imputed.
V221,0.00052145,0.052145,D,Proprietary Vesta Internal Consortium (Obfuscated),None (No live upstream feed exists),Anonymous multi-entity consortium aggregations computed by Vesta internally,False,Anonymous V-features with undisclosed proprietary formulas. Cannot be reproduced reliably in production; must NOT be fabricated or median-imputed.
V222,0.00151591,0.151591,D,Proprietary Vesta Internal Consortium (Obfuscated),None (No live upstream feed exists),Anonymous multi-entity consortium aggregations computed by Vesta internally,False,Anonymous V-features with undisclosed proprietary formulas. Cannot be reproduced reliably in production; must NOT be fabricated or median-imputed.
V223,0.00163725,0.163725,D,Proprietary Vesta Internal Consortium (Obfuscated),None (No live upstream feed exists),Anonymous multi-entity consortium aggregations computed by Vesta internally,False,Anonymous V-features with undisclosed proprietary formulas. Cannot be reproduced reliably in production; must NOT be fabricated or median-imputed.
V224,0.00103324,0.103324,D,Proprietary Vesta Internal Consortium (Obfuscated),None (No live upstream feed exists),Anonymous multi-entity consortium aggregations computed by Vesta internally,False,Anonymous V-features with undisclosed proprietary formulas. Cannot be reproduced reliably in production; must NOT be fabricated or median-imputed.
V225,0.00118628,0.118628,D,Proprietary Vesta Internal Consortium (Obfuscated),None (No live upstream feed exists),Anonymous multi-entity consortium aggregations computed by Vesta internally,False,Anonymous V-features with undisclosed proprietary formulas. Cannot be reproduced reliably in production; must NOT be fabricated or median-imputed.
V226,0.00303206,0.303206,D,Proprietary Vesta Internal Consortium (Obfuscated),None (No live upstream feed exists),Anonymous multi-entity consortium aggregations computed by Vesta internally,False,Anonymous V-features with undisclosed proprietary formulas. Cannot be reproduced reliably in production; must NOT be fabricated or median-imputed.
V227,0.00031961,0.031961,D,Proprietary Vesta Internal Consortium (Obfuscated),None (No live upstream feed exists),Anonymous multi-entity consortium aggregations computed by Vesta internally,False,Anonymous V-features with undisclosed proprietary formulas. Cannot be reproduced reliably in production; must NOT be fabricated or median-imputed.
V228,0.00118461,0.118461,D,Proprietary Vesta Internal Consortium (Obfuscated),None (No live upstream feed exists),Anonymous multi-entity consortium aggregations computed by Vesta internally,False,Anonymous V-features with undisclosed proprietary formulas. Cannot be reproduced reliably in production; must NOT be fabricated or median-imputed.
V229,0.00075655,0.075655,D,Proprietary Vesta Internal Consortium (Obfuscated),None (No live upstream feed exists),Anonymous multi-entity consortium aggregations computed by Vesta internally,False,Anonymous V-features with undisclosed proprietary formulas. Cannot be reproduced reliably in production; must NOT be fabricated or median-imputed.
V230,0.00070291,0.070291,D,Proprietary Vesta Internal Consortium (Obfuscated),None (No live upstream feed exists),Anonymous multi-entity consortium aggregations computed by Vesta internally,False,Anonymous V-features with undisclosed proprietary formulas. Cannot be reproduced reliably in production; must NOT be fabricated or median-imputed.
V231,0.00119517,0.119517,D,Proprietary Vesta Internal Consortium (Obfuscated),None (No live upstream feed exists),Anonymous multi-entity consortium aggregations computed by Vesta internally,False,Anonymous V-features with undisclosed proprietary formulas. Cannot be reproduced reliably in production; must NOT be fabricated or median-imputed.
V232,0.00040481,0.040481,D,Proprietary Vesta Internal Consortium (Obfuscated),None (No live upstream feed exists),Anonymous multi-entity consortium aggregations computed by Vesta internally,False,Anonymous V-features with undisclosed proprietary formulas. Cannot be reproduced reliably in production; must NOT be fabricated or median-imputed.
V233,0.00082148,0.082148,D,Proprietary Vesta Internal Consortium (Obfuscated),None (No live upstream feed exists),Anonymous multi-entity consortium aggregations computed by Vesta internally,False,Anonymous V-features with undisclosed proprietary formulas. Cannot be reproduced reliably in production; must NOT be fabricated or median-imputed.
V234,0.0009509,0.09509,D,Proprietary Vesta Internal Consortium (Obfuscated),None (No live upstream feed exists),Anonymous multi-entity consortium aggregations computed by Vesta internally,False,Anonymous V-features with undisclosed proprietary formulas. Cannot be reproduced reliably in production; must NOT be fabricated or median-imputed.
V235,0.00056434,0.056434,D,Proprietary Vesta Internal Consortium (Obfuscated),None (No live upstream feed exists),Anonymous multi-entity consortium aggregations computed by Vesta internally,False,Anonymous V-features with undisclosed proprietary formulas. Cannot be reproduced reliably in production; must NOT be fabricated or median-imputed.
V236,0.00025193,0.025193,D,Proprietary Vesta Internal Consortium (Obfuscated),None (No live upstream feed exists),Anonymous multi-entity consortium aggregations computed by Vesta internally,False,Anonymous V-features with undisclosed proprietary formulas. Cannot be reproduced reliably in production; must NOT be fabricated or median-imputed.
V237,0.00029202,0.029202,D,Proprietary Vesta Internal Consortium (Obfuscated),None (No live upstream feed exists),Anonymous multi-entity consortium aggregations computed by Vesta internally,False,Anonymous V-features with undisclosed proprietary formulas. Cannot be reproduced reliably in production; must NOT be fabricated or median-imputed.
V238,0.0004318,0.04318,D,Proprietary Vesta Internal Consortium (Obfuscated),None (No live upstream feed exists),Anonymous multi-entity consortium aggregations computed by Vesta internally,False,Anonymous V-features with undisclosed proprietary formulas. Cannot be reproduced reliably in production; must NOT be fabricated or median-imputed.
V239,0.00056854,0.056854,D,Proprietary Vesta Internal Consortium (Obfuscated),None (No live upstream feed exists),Anonymous multi-entity consortium aggregations computed by Vesta internally,False,Anonymous V-features with undisclosed proprietary formulas. Cannot be reproduced reliably in production; must NOT be fabricated or median-imputed.
V240,0.0,0.0,D,Proprietary Vesta Internal Consortium (Obfuscated),None (No live upstream feed exists),Anonymous multi-entity consortium aggregations computed by Vesta internally,False,Anonymous V-features with undisclosed proprietary formulas. Cannot be reproduced reliably in production; must NOT be fabricated or median-imputed.
V241,0.0,0.0,D,Proprietary Vesta Internal Consortium (Obfuscated),None (No live upstream feed exists),Anonymous multi-entity consortium aggregations computed by Vesta internally,False,Anonymous V-features with undisclosed proprietary formulas. Cannot be reproduced reliably in production; must NOT be fabricated or median-imputed.
V242,0.00057293,0.057293,D,Proprietary Vesta Internal Consortium (Obfuscated),None (No live upstream feed exists),Anonymous multi-entity consortium aggregations computed by Vesta internally,False,Anonymous V-features with undisclosed proprietary formulas. Cannot be reproduced reliably in production; must NOT be fabricated or median-imputed.
V243,0.00230066,0.230066,D,Proprietary Vesta Internal Consortium (Obfuscated),None (No live upstream feed exists),Anonymous multi-entity consortium aggregations computed by Vesta internally,False,Anonymous V-features with undisclosed proprietary formulas. Cannot be reproduced reliably in production; must NOT be fabricated or median-imputed.
V244,0.00085918,0.085918,D,Proprietary Vesta Internal Consortium (Obfuscated),None (No live upstream feed exists),Anonymous multi-entity consortium aggregations computed by Vesta internally,False,Anonymous V-features with undisclosed proprietary formulas. Cannot be reproduced reliably in production; must NOT be fabricated or median-imputed.
V245,0.00088575,0.088575,D,Proprietary Vesta Internal Consortium (Obfuscated),None (No live upstream feed exists),Anonymous multi-entity consortium aggregations computed by Vesta internally,False,Anonymous V-features with undisclosed proprietary formulas. Cannot be reproduced reliably in production; must NOT be fabricated or median-imputed.
V246,0.00036145,0.036145,D,Proprietary Vesta Internal Consortium (Obfuscated),None (No live upstream feed exists),Anonymous multi-entity consortium aggregations computed by Vesta internally,False,Anonymous V-features with undisclosed proprietary formulas. Cannot be reproduced reliably in production; must NOT be fabricated or median-imputed.
V247,0.00118035,0.118035,D,Proprietary Vesta Internal Consortium (Obfuscated),None (No live upstream feed exists),Anonymous multi-entity consortium aggregations computed by Vesta internally,False,Anonymous V-features with undisclosed proprietary formulas. Cannot be reproduced reliably in production; must NOT be fabricated or median-imputed.
V248,0.00162448,0.162448,D,Proprietary Vesta Internal Consortium (Obfuscated),None (No live upstream feed exists),Anonymous multi-entity consortium aggregations computed by Vesta internally,False,Anonymous V-features with undisclosed proprietary formulas. Cannot be reproduced reliably in production; must NOT be fabricated or median-imputed.
V249,0.00040772,0.040772,D,Proprietary Vesta Internal Consortium (Obfuscated),None (No live upstream feed exists),Anonymous multi-entity consortium aggregations computed by Vesta internally,False,Anonymous V-features with undisclosed proprietary formulas. Cannot be reproduced reliably in production; must NOT be fabricated or median-imputed.
V250,0.0010973,0.10973,D,Proprietary Vesta Internal Consortium (Obfuscated),None (No live upstream feed exists),Anonymous multi-entity consortium aggregations computed by Vesta internally,False,Anonymous V-features with undisclosed proprietary formulas. Cannot be reproduced reliably in production; must NOT be fabricated or median-imputed.
V251,0.00088321,0.088321,D,Proprietary Vesta Internal Consortium (Obfuscated),None (No live upstream feed exists),Anonymous multi-entity consortium aggregations computed by Vesta internally,False,Anonymous V-features with undisclosed proprietary formulas. Cannot be reproduced reliably in production; must NOT be fabricated or median-imputed.
V252,0.00080022,0.080022,D,Proprietary Vesta Internal Consortium (Obfuscated),None (No live upstream feed exists),Anonymous multi-entity consortium aggregations computed by Vesta internally,False,Anonymous V-features with undisclosed proprietary formulas. Cannot be reproduced reliably in production; must NOT be fabricated or median-imputed.
V253,0.00137269,0.137269,D,Proprietary Vesta Internal Consortium (Obfuscated),None (No live upstream feed exists),Anonymous multi-entity consortium aggregations computed by Vesta internally,False,Anonymous V-features with undisclosed proprietary formulas. Cannot be reproduced reliably in production; must NOT be fabricated or median-imputed.
V254,0.00051879,0.051879,D,Proprietary Vesta Internal Consortium (Obfuscated),None (No live upstream feed exists),Anonymous multi-entity consortium aggregations computed by Vesta internally,False,Anonymous V-features with undisclosed proprietary formulas. Cannot be reproduced reliably in production; must NOT be fabricated or median-imputed.
V255,0.00057597,0.057597,D,Proprietary Vesta Internal Consortium (Obfuscated),None (No live upstream feed exists),Anonymous multi-entity consortium aggregations computed by Vesta internally,False,Anonymous V-features with undisclosed proprietary formulas. Cannot be reproduced reliably in production; must NOT be fabricated or median-imputed.
V256,0.00043744,0.043744,D,Proprietary Vesta Internal Consortium (Obfuscated),None (No live upstream feed exists),Anonymous multi-entity consortium aggregations computed by Vesta internally,False,Anonymous V-features with undisclosed proprietary formulas. Cannot be reproduced reliably in production; must NOT be fabricated or median-imputed.
V257,0.0866513,8.66513,D,Proprietary Vesta Internal Consortium (Obfuscated),None (No live upstream feed exists),Anonymous multi-entity consortium aggregations computed by Vesta internally,False,Anonymous V-features with undisclosed proprietary formulas. Cannot be reproduced reliably in production; must NOT be fabricated or median-imputed.
V258,0.10024981,10.024981,D,Proprietary Vesta Internal Consortium (Obfuscated),None (No live upstream feed exists),Anonymous multi-entity consortium aggregations computed by Vesta internally,False,Anonymous V-features with undisclosed proprietary formulas. Cannot be reproduced reliably in production; must NOT be fabricated or median-imputed.
V259,0.00065213,0.065213,D,Proprietary Vesta Internal Consortium (Obfuscated),None (No live upstream feed exists),Anonymous multi-entity consortium aggregations computed by Vesta internally,False,Anonymous V-features with undisclosed proprietary formulas. Cannot be reproduced reliably in production; must NOT be fabricated or median-imputed.
V260,0.00100674,0.100674,D,Proprietary Vesta Internal Consortium (Obfuscated),None (No live upstream feed exists),Anonymous multi-entity consortium aggregations computed by Vesta internally,False,Anonymous V-features with undisclosed proprietary formulas. Cannot be reproduced reliably in production; must NOT be fabricated or median-imputed.
V261,0.00146477,0.146477,D,Proprietary Vesta Internal Consortium (Obfuscated),None (No live upstream feed exists),Anonymous multi-entity consortium aggregations computed by Vesta internally,False,Anonymous V-features with undisclosed proprietary formulas. Cannot be reproduced reliably in production; must NOT be fabricated or median-imputed.
V262,0.00061093,0.061093,D,Proprietary Vesta Internal Consortium (Obfuscated),None (No live upstream feed exists),Anonymous multi-entity consortium aggregations computed by Vesta internally,False,Anonymous V-features with undisclosed proprietary formulas. Cannot be reproduced reliably in production; must NOT be fabricated or median-imputed.
V263,0.00057257,0.057257,D,Proprietary Vesta Internal Consortium (Obfuscated),None (No live upstream feed exists),Anonymous multi-entity consortium aggregations computed by Vesta internally,False,Anonymous V-features with undisclosed proprietary formulas. Cannot be reproduced reliably in production; must NOT be fabricated or median-imputed.
V264,0.00049062,0.049062,D,Proprietary Vesta Internal Consortium (Obfuscated),None (No live upstream feed exists),Anonymous multi-entity consortium aggregations computed by Vesta internally,False,Anonymous V-features with undisclosed proprietary formulas. Cannot be reproduced reliably in production; must NOT be fabricated or median-imputed.
V265,0.00073245,0.073245,D,Proprietary Vesta Internal Consortium (Obfuscated),None (No live upstream feed exists),Anonymous multi-entity consortium aggregations computed by Vesta internally,False,Anonymous V-features with undisclosed proprietary formulas. Cannot be reproduced reliably in production; must NOT be fabricated or median-imputed.
V266,0.00080854,0.080854,D,Proprietary Vesta Internal Consortium (Obfuscated),None (No live upstream feed exists),Anonymous multi-entity consortium aggregations computed by Vesta internally,False,Anonymous V-features with undisclosed proprietary formulas. Cannot be reproduced reliably in production; must NOT be fabricated or median-imputed.
V267,0.00040028,0.040028,D,Proprietary Vesta Internal Consortium (Obfuscated),None (No live upstream feed exists),Anonymous multi-entity consortium aggregations computed by Vesta internally,False,Anonymous V-features with undisclosed proprietary formulas. Cannot be reproduced reliably in production; must NOT be fabricated or median-imputed.
V268,0.00106374,0.106374,D,Proprietary Vesta Internal Consortium (Obfuscated),None (No live upstream feed exists),Anonymous multi-entity consortium aggregations computed by Vesta internally,False,Anonymous V-features with undisclosed proprietary formulas. Cannot be reproduced reliably in production; must NOT be fabricated or median-imputed.
V269,0.00477182,0.477182,D,Proprietary Vesta Internal Consortium (Obfuscated),None (No live upstream feed exists),Anonymous multi-entity consortium aggregations computed by Vesta internally,False,Anonymous V-features with undisclosed proprietary formulas. Cannot be reproduced reliably in production; must NOT be fabricated or median-imputed.
V270,0.00081844,0.081844,D,Proprietary Vesta Internal Consortium (Obfuscated),None (No live upstream feed exists),Anonymous multi-entity consortium aggregations computed by Vesta internally,False,Anonymous V-features with undisclosed proprietary formulas. Cannot be reproduced reliably in production; must NOT be fabricated or median-imputed.
V271,0.00062573,0.062573,D,Proprietary Vesta Internal Consortium (Obfuscated),None (No live upstream feed exists),Anonymous multi-entity consortium aggregations computed by Vesta internally,False,Anonymous V-features with undisclosed proprietary formulas. Cannot be reproduced reliably in production; must NOT be fabricated or median-imputed.
V272,0.00058796,0.058796,D,Proprietary Vesta Internal Consortium (Obfuscated),None (No live upstream feed exists),Anonymous multi-entity consortium aggregations computed by Vesta internally,False,Anonymous V-features with undisclosed proprietary formulas. Cannot be reproduced reliably in production; must NOT be fabricated or median-imputed.
V273,0.00030575,0.030575,D,Proprietary Vesta Internal Consortium (Obfuscated),None (No live upstream feed exists),Anonymous multi-entity consortium aggregations computed by Vesta internally,False,Anonymous V-features with undisclosed proprietary formulas. Cannot be reproduced reliably in production; must NOT be fabricated or median-imputed.
V274,0.00056574,0.056574,D,Proprietary Vesta Internal Consortium (Obfuscated),None (No live upstream feed exists),Anonymous multi-entity consortium aggregations computed by Vesta internally,False,Anonymous V-features with undisclosed proprietary formulas. Cannot be reproduced reliably in production; must NOT be fabricated or median-imputed.
V275,0.00057736,0.057736,D,Proprietary Vesta Internal Consortium (Obfuscated),None (No live upstream feed exists),Anonymous multi-entity consortium aggregations computed by Vesta internally,False,Anonymous V-features with undisclosed proprietary formulas. Cannot be reproduced reliably in production; must NOT be fabricated or median-imputed.
V276,0.00148122,0.148122,D,Proprietary Vesta Internal Consortium (Obfuscated),None (No live upstream feed exists),Anonymous multi-entity consortium aggregations computed by Vesta internally,False,Anonymous V-features with undisclosed proprietary formulas. Cannot be reproduced reliably in production; must NOT be fabricated or median-imputed.
V277,0.00073415,0.073415,D,Proprietary Vesta Internal Consortium (Obfuscated),None (No live upstream feed exists),Anonymous multi-entity consortium aggregations computed by Vesta internally,False,Anonymous V-features with undisclosed proprietary formulas. Cannot be reproduced reliably in production; must NOT be fabricated or median-imputed.
V278,0.00035036,0.035036,D,Proprietary Vesta Internal Consortium (Obfuscated),None (No live upstream feed exists),Anonymous multi-entity consortium aggregations computed by Vesta internally,False,Anonymous V-features with undisclosed proprietary formulas. Cannot be reproduced reliably in production; must NOT be fabricated or median-imputed.
V279,0.00129149,0.129149,D,Proprietary Vesta Internal Consortium (Obfuscated),None (No live upstream feed exists),Anonymous multi-entity consortium aggregations computed by Vesta internally,False,Anonymous V-features with undisclosed proprietary formulas. Cannot be reproduced reliably in production; must NOT be fabricated or median-imputed.
V280,0.00096186,0.096186,D,Proprietary Vesta Internal Consortium (Obfuscated),None (No live upstream feed exists),Anonymous multi-entity consortium aggregations computed by Vesta internally,False,Anonymous V-features with undisclosed proprietary formulas. Cannot be reproduced reliably in production; must NOT be fabricated or median-imputed.
V281,0.00215631,0.215631,D,Proprietary Vesta Internal Consortium (Obfuscated),None (No live upstream feed exists),Anonymous multi-entity consortium aggregations computed by Vesta internally,False,Anonymous V-features with undisclosed proprietary formulas. Cannot be reproduced reliably in production; must NOT be fabricated or median-imputed.
V282,0.00078804,0.078804,D,Proprietary Vesta Internal Consortium (Obfuscated),None (No live upstream feed exists),Anonymous multi-entity consortium aggregations computed by Vesta internally,False,Anonymous V-features with undisclosed proprietary formulas. Cannot be reproduced reliably in production; must NOT be fabricated or median-imputed.
V283,0.00629717,0.629717,D,Proprietary Vesta Internal Consortium (Obfuscated),None (No live upstream feed exists),Anonymous multi-entity consortium aggregations computed by Vesta internally,False,Anonymous V-features with undisclosed proprietary formulas. Cannot be reproduced reliably in production; must NOT be fabricated or median-imputed.
V284,0.00061329,0.061329,D,Proprietary Vesta Internal Consortium (Obfuscated),None (No live upstream feed exists),Anonymous multi-entity consortium aggregations computed by Vesta internally,False,Anonymous V-features with undisclosed proprietary formulas. Cannot be reproduced reliably in production; must NOT be fabricated or median-imputed.
V285,0.00221686,0.221686,D,Proprietary Vesta Internal Consortium (Obfuscated),None (No live upstream feed exists),Anonymous multi-entity consortium aggregations computed by Vesta internally,False,Anonymous V-features with undisclosed proprietary formulas. Cannot be reproduced reliably in production; must NOT be fabricated or median-imputed.
V286,0.00276282,0.276282,D,Proprietary Vesta Internal Consortium (Obfuscated),None (No live upstream feed exists),Anonymous multi-entity consortium aggregations computed by Vesta internally,False,Anonymous V-features with undisclosed proprietary formulas. Cannot be reproduced reliably in production; must NOT be fabricated or median-imputed.
V287,0.00177879,0.177879,D,Proprietary Vesta Internal Consortium (Obfuscated),None (No live upstream feed exists),Anonymous multi-entity consortium aggregations computed by Vesta internally,False,Anonymous V-features with undisclosed proprietary formulas. Cannot be reproduced reliably in production; must NOT be fabricated or median-imputed.
V288,0.00069361,0.069361,D,Proprietary Vesta Internal Consortium (Obfuscated),None (No live upstream feed exists),Anonymous multi-entity consortium aggregations computed by Vesta internally,False,Anonymous V-features with undisclosed proprietary formulas. Cannot be reproduced reliably in production; must NOT be fabricated or median-imputed.
V289,0.00142021,0.142021,D,Proprietary Vesta Internal Consortium (Obfuscated),None (No live upstream feed exists),Anonymous multi-entity consortium aggregations computed by Vesta internally,False,Anonymous V-features with undisclosed proprietary formulas. Cannot be reproduced reliably in production; must NOT be fabricated or median-imputed.
V290,0.00090648,0.090648,D,Proprietary Vesta Internal Consortium (Obfuscated),None (No live upstream feed exists),Anonymous multi-entity consortium aggregations computed by Vesta internally,False,Anonymous V-features with undisclosed proprietary formulas. Cannot be reproduced reliably in production; must NOT be fabricated or median-imputed.
V291,0.00094719,0.094719,D,Proprietary Vesta Internal Consortium (Obfuscated),None (No live upstream feed exists),Anonymous multi-entity consortium aggregations computed by Vesta internally,False,Anonymous V-features with undisclosed proprietary formulas. Cannot be reproduced reliably in production; must NOT be fabricated or median-imputed.
V292,0.00050295,0.050295,D,Proprietary Vesta Internal Consortium (Obfuscated),None (No live upstream feed exists),Anonymous multi-entity consortium aggregations computed by Vesta internally,False,Anonymous V-features with undisclosed proprietary formulas. Cannot be reproduced reliably in production; must NOT be fabricated or median-imputed.
V293,0.00145742,0.145742,D,Proprietary Vesta Internal Consortium (Obfuscated),None (No live upstream feed exists),Anonymous multi-entity consortium aggregations computed by Vesta internally,False,Anonymous V-features with undisclosed proprietary formulas. Cannot be reproduced reliably in production; must NOT be fabricated or median-imputed.
V294,0.0219931,2.19931,D,Proprietary Vesta Internal Consortium (Obfuscated),None (No live upstream feed exists),Anonymous multi-entity consortium aggregations computed by Vesta internally,False,Anonymous V-features with undisclosed proprietary formulas. Cannot be reproduced reliably in production; must NOT be fabricated or median-imputed.
V295,0.02017195,2.017195,D,Proprietary Vesta Internal Consortium (Obfuscated),None (No live upstream feed exists),Anonymous multi-entity consortium aggregations computed by Vesta internally,False,Anonymous V-features with undisclosed proprietary formulas. Cannot be reproduced reliably in production; must NOT be fabricated or median-imputed.
V296,0.00312246,0.312246,D,Proprietary Vesta Internal Consortium (Obfuscated),None (No live upstream feed exists),Anonymous multi-entity consortium aggregations computed by Vesta internally,False,Anonymous V-features with undisclosed proprietary formulas. Cannot be reproduced reliably in production; must NOT be fabricated or median-imputed.
V297,0.00048462,0.048462,D,Proprietary Vesta Internal Consortium (Obfuscated),None (No live upstream feed exists),Anonymous multi-entity consortium aggregations computed by Vesta internally,False,Anonymous V-features with undisclosed proprietary formulas. Cannot be reproduced reliably in production; must NOT be fabricated or median-imputed.
V298,0.00250882,0.250882,D,Proprietary Vesta Internal Consortium (Obfuscated),None (No live upstream feed exists),Anonymous multi-entity consortium aggregations computed by Vesta internally,False,Anonymous V-features with undisclosed proprietary formulas. Cannot be reproduced reliably in production; must NOT be fabricated or median-imputed.
V299,0.00075988,0.075988,D,Proprietary Vesta Internal Consortium (Obfuscated),None (No live upstream feed exists),Anonymous multi-entity consortium aggregations computed by Vesta internally,False,Anonymous V-features with undisclosed proprietary formulas. Cannot be reproduced reliably in production; must NOT be fabricated or median-imputed.
V300,0.00118499,0.118499,D,Proprietary Vesta Internal Consortium (Obfuscated),None (No live upstream feed exists),Anonymous multi-entity consortium aggregations computed by Vesta internally,False,Anonymous V-features with undisclosed proprietary formulas. Cannot be reproduced reliably in production; must NOT be fabricated or median-imputed.
V301,0.001391,0.1391,D,Proprietary Vesta Internal Consortium (Obfuscated),None (No live upstream feed exists),Anonymous multi-entity consortium aggregations computed by Vesta internally,False,Anonymous V-features with undisclosed proprietary formulas. Cannot be reproduced reliably in production; must NOT be fabricated or median-imputed.
V302,0.00188367,0.188367,D,Proprietary Vesta Internal Consortium (Obfuscated),None (No live upstream feed exists),Anonymous multi-entity consortium aggregations computed by Vesta internally,False,Anonymous V-features with undisclosed proprietary formulas. Cannot be reproduced reliably in production; must NOT be fabricated or median-imputed.
V303,0.00076808,0.076808,D,Proprietary Vesta Internal Consortium (Obfuscated),None (No live upstream feed exists),Anonymous multi-entity consortium aggregations computed by Vesta internally,False,Anonymous V-features with undisclosed proprietary formulas. Cannot be reproduced reliably in production; must NOT be fabricated or median-imputed.
V304,0.0009307,0.09307,D,Proprietary Vesta Internal Consortium (Obfuscated),None (No live upstream feed exists),Anonymous multi-entity consortium aggregations computed by Vesta internally,False,Anonymous V-features with undisclosed proprietary formulas. Cannot be reproduced reliably in production; must NOT be fabricated or median-imputed.
V305,0.0,0.0,D,Proprietary Vesta Internal Consortium (Obfuscated),None (No live upstream feed exists),Anonymous multi-entity consortium aggregations computed by Vesta internally,False,Anonymous V-features with undisclosed proprietary formulas. Cannot be reproduced reliably in production; must NOT be fabricated or median-imputed.
V306,0.00206506,0.206506,D,Proprietary Vesta Internal Consortium (Obfuscated),None (No live upstream feed exists),Anonymous multi-entity consortium aggregations computed by Vesta internally,False,Anonymous V-features with undisclosed proprietary formulas. Cannot be reproduced reliably in production; must NOT be fabricated or median-imputed.
V307,0.00092233,0.092233,D,Proprietary Vesta Internal Consortium (Obfuscated),None (No live upstream feed exists),Anonymous multi-entity consortium aggregations computed by Vesta internally,False,Anonymous V-features with undisclosed proprietary formulas. Cannot be reproduced reliably in production; must NOT be fabricated or median-imputed.
V308,0.00610974,0.610974,D,Proprietary Vesta Internal Consortium (Obfuscated),None (No live upstream feed exists),Anonymous multi-entity consortium aggregations computed by Vesta internally,False,Anonymous V-features with undisclosed proprietary formulas. Cannot be reproduced reliably in production; must NOT be fabricated or median-imputed.
V309,0.00290862,0.290862,D,Proprietary Vesta Internal Consortium (Obfuscated),None (No live upstream feed exists),Anonymous multi-entity consortium aggregations computed by Vesta internally,False,Anonymous V-features with undisclosed proprietary formulas. Cannot be reproduced reliably in production; must NOT be fabricated or median-imputed.
V310,0.00209396,0.209396,D,Proprietary Vesta Internal Consortium (Obfuscated),None (No live upstream feed exists),Anonymous multi-entity consortium aggregations computed by Vesta internally,False,Anonymous V-features with undisclosed proprietary formulas. Cannot be reproduced reliably in production; must NOT be fabricated or median-imputed.
V311,0.00199188,0.199188,D,Proprietary Vesta Internal Consortium (Obfuscated),None (No live upstream feed exists),Anonymous multi-entity consortium aggregations computed by Vesta internally,False,Anonymous V-features with undisclosed proprietary formulas. Cannot be reproduced reliably in production; must NOT be fabricated or median-imputed.
V312,0.00340727,0.340727,D,Proprietary Vesta Internal Consortium (Obfuscated),None (No live upstream feed exists),Anonymous multi-entity consortium aggregations computed by Vesta internally,False,Anonymous V-features with undisclosed proprietary formulas. Cannot be reproduced reliably in production; must NOT be fabricated or median-imputed.
V313,0.00116888,0.116888,D,Proprietary Vesta Internal Consortium (Obfuscated),None (No live upstream feed exists),Anonymous multi-entity consortium aggregations computed by Vesta internally,False,Anonymous V-features with undisclosed proprietary formulas. Cannot be reproduced reliably in production; must NOT be fabricated or median-imputed.
V314,0.00109252,0.109252,D,Proprietary Vesta Internal Consortium (Obfuscated),None (No live upstream feed exists),Anonymous multi-entity consortium aggregations computed by Vesta internally,False,Anonymous V-features with undisclosed proprietary formulas. Cannot be reproduced reliably in production; must NOT be fabricated or median-imputed.
V315,0.00152528,0.152528,D,Proprietary Vesta Internal Consortium (Obfuscated),None (No live upstream feed exists),Anonymous multi-entity consortium aggregations computed by Vesta internally,False,Anonymous V-features with undisclosed proprietary formulas. Cannot be reproduced reliably in production; must NOT be fabricated or median-imputed.
V316,0.00089659,0.089659,D,Proprietary Vesta Internal Consortium (Obfuscated),None (No live upstream feed exists),Anonymous multi-entity consortium aggregations computed by Vesta internally,False,Anonymous V-features with undisclosed proprietary formulas. Cannot be reproduced reliably in production; must NOT be fabricated or median-imputed.
V317,0.00195787,0.195787,D,Proprietary Vesta Internal Consortium (Obfuscated),None (No live upstream feed exists),Anonymous multi-entity consortium aggregations computed by Vesta internally,False,Anonymous V-features with undisclosed proprietary formulas. Cannot be reproduced reliably in production; must NOT be fabricated or median-imputed.
V318,0.0026963,0.26963,D,Proprietary Vesta Internal Consortium (Obfuscated),None (No live upstream feed exists),Anonymous multi-entity consortium aggregations computed by Vesta internally,False,Anonymous V-features with undisclosed proprietary formulas. Cannot be reproduced reliably in production; must NOT be fabricated or median-imputed.
V319,0.00100462,0.100462,D,Proprietary Vesta Internal Consortium (Obfuscated),None (No live upstream feed exists),Anonymous multi-entity consortium aggregations computed by Vesta internally,False,Anonymous V-features with undisclosed proprietary formulas. Cannot be reproduced reliably in production; must NOT be fabricated or median-imputed.
V320,0.00257973,0.257973,D,Proprietary Vesta Internal Consortium (Obfuscated),None (No live upstream feed exists),Anonymous multi-entity consortium aggregations computed by Vesta internally,False,Anonymous V-features with undisclosed proprietary formulas. Cannot be reproduced reliably in production; must NOT be fabricated or median-imputed.
V321,0.00115067,0.115067,D,Proprietary Vesta Internal Consortium (Obfuscated),None (No live upstream feed exists),Anonymous multi-entity consortium aggregations computed by Vesta internally,False,Anonymous V-features with undisclosed proprietary formulas. Cannot be reproduced reliably in production; must NOT be fabricated or median-imputed.
V322,0.00141458,0.141458,D,Proprietary Vesta Internal Consortium (Obfuscated),None (No live upstream feed exists),Anonymous multi-entity consortium aggregations computed by Vesta internally,False,Anonymous V-features with undisclosed proprietary formulas. Cannot be reproduced reliably in production; must NOT be fabricated or median-imputed.
V323,0.00103849,0.103849,D,Proprietary Vesta Internal Consortium (Obfuscated),None (No live upstream feed exists),Anonymous multi-entity consortium aggregations computed by Vesta internally,False,Anonymous V-features with undisclosed proprietary formulas. Cannot be reproduced reliably in production; must NOT be fabricated or median-imputed.
V324,0.00169779,0.169779,D,Proprietary Vesta Internal Consortium (Obfuscated),None (No live upstream feed exists),Anonymous multi-entity consortium aggregations computed by Vesta internally,False,Anonymous V-features with undisclosed proprietary formulas. Cannot be reproduced reliably in production; must NOT be fabricated or median-imputed.
V325,0.00190955,0.190955,D,Proprietary Vesta Internal Consortium (Obfuscated),None (No live upstream feed exists),Anonymous multi-entity consortium aggregations computed by Vesta internally,False,Anonymous V-features with undisclosed proprietary formulas. Cannot be reproduced reliably in production; must NOT be fabricated or median-imputed.
V326,0.0030831,0.30831,D,Proprietary Vesta Internal Consortium (Obfuscated),None (No live upstream feed exists),Anonymous multi-entity consortium aggregations computed by Vesta internally,False,Anonymous V-features with undisclosed proprietary formulas. Cannot be reproduced reliably in production; must NOT be fabricated or median-imputed.
V327,0.00288246,0.288246,D,Proprietary Vesta Internal Consortium (Obfuscated),None (No live upstream feed exists),Anonymous multi-entity consortium aggregations computed by Vesta internally,False,Anonymous V-features with undisclosed proprietary formulas. Cannot be reproduced reliably in production; must NOT be fabricated or median-imputed.
V328,0.0,0.0,D,Proprietary Vesta Internal Consortium (Obfuscated),None (No live upstream feed exists),Anonymous multi-entity consortium aggregations computed by Vesta internally,False,Anonymous V-features with undisclosed proprietary formulas. Cannot be reproduced reliably in production; must NOT be fabricated or median-imputed.
V329,0.0007073,0.07073,D,Proprietary Vesta Internal Consortium (Obfuscated),None (No live upstream feed exists),Anonymous multi-entity consortium aggregations computed by Vesta internally,False,Anonymous V-features with undisclosed proprietary formulas. Cannot be reproduced reliably in production; must NOT be fabricated or median-imputed.
V330,0.00065146,0.065146,D,Proprietary Vesta Internal Consortium (Obfuscated),None (No live upstream feed exists),Anonymous multi-entity consortium aggregations computed by Vesta internally,False,Anonymous V-features with undisclosed proprietary formulas. Cannot be reproduced reliably in production; must NOT be fabricated or median-imputed.
V331,0.00158241,0.158241,D,Proprietary Vesta Internal Consortium (Obfuscated),None (No live upstream feed exists),Anonymous multi-entity consortium aggregations computed by Vesta internally,False,Anonymous V-features with undisclosed proprietary formulas. Cannot be reproduced reliably in production; must NOT be fabricated or median-imputed.
V332,0.00162868,0.162868,D,Proprietary Vesta Internal Consortium (Obfuscated),None (No live upstream feed exists),Anonymous multi-entity consortium aggregations computed by Vesta internally,False,Anonymous V-features with undisclosed proprietary formulas. Cannot be reproduced reliably in production; must NOT be fabricated or median-imputed.
V333,0.00141024,0.141024,D,Proprietary Vesta Internal Consortium (Obfuscated),None (No live upstream feed exists),Anonymous multi-entity consortium aggregations computed by Vesta internally,False,Anonymous V-features with undisclosed proprietary formulas. Cannot be reproduced reliably in production; must NOT be fabricated or median-imputed.
V334,0.00108473,0.108473,D,Proprietary Vesta Internal Consortium (Obfuscated),None (No live upstream feed exists),Anonymous multi-entity consortium aggregations computed by Vesta internally,False,Anonymous V-features with undisclosed proprietary formulas. Cannot be reproduced reliably in production; must NOT be fabricated or median-imputed.
V335,0.00149572,0.149572,D,Proprietary Vesta Internal Consortium (Obfuscated),None (No live upstream feed exists),Anonymous multi-entity consortium aggregations computed by Vesta internally,False,Anonymous V-features with undisclosed proprietary formulas. Cannot be reproduced reliably in production; must NOT be fabricated or median-imputed.
V336,0.00447689,0.447689,D,Proprietary Vesta Internal Consortium (Obfuscated),None (No live upstream feed exists),Anonymous multi-entity consortium aggregations computed by Vesta internally,False,Anonymous V-features with undisclosed proprietary formulas. Cannot be reproduced reliably in production; must NOT be fabricated or median-imputed.
V337,0.00108351,0.108351,D,Proprietary Vesta Internal Consortium (Obfuscated),None (No live upstream feed exists),Anonymous multi-entity consortium aggregations computed by Vesta internally,False,Anonymous V-features with undisclosed proprietary formulas. Cannot be reproduced reliably in production; must NOT be fabricated or median-imputed.
V338,0.00101578,0.101578,D,Proprietary Vesta Internal Consortium (Obfuscated),None (No live upstream feed exists),Anonymous multi-entity consortium aggregations computed by Vesta internally,False,Anonymous V-features with undisclosed proprietary formulas. Cannot be reproduced reliably in production; must NOT be fabricated or median-imputed.
V339,0.00077443,0.077443,D,Proprietary Vesta Internal Consortium (Obfuscated),None (No live upstream feed exists),Anonymous multi-entity consortium aggregations computed by Vesta internally,False,Anonymous V-features with undisclosed proprietary formulas. Cannot be reproduced reliably in production; must NOT be fabricated or median-imputed.
id_01,0.00164891,0.164891,D,Proprietary IEEE-CIS Identity Risk Signals (Obfuscated),None (No live upstream feed exists),Obfuscated fraud/risk score or flag id_01,False,Anonymous identity scoring features from IEEE-CIS identity table with no real-world schema documentation.
id_02,0.00083906,0.083906,D,Proprietary IEEE-CIS Identity Risk Signals (Obfuscated),None (No live upstream feed exists),Obfuscated fraud/risk score or flag id_02,False,Anonymous identity scoring features from IEEE-CIS identity table with no real-world schema documentation.
id_03,0.00206377,0.206377,D,Proprietary IEEE-CIS Identity Risk Signals (Obfuscated),None (No live upstream feed exists),Obfuscated fraud/risk score or flag id_03,False,Anonymous identity scoring features from IEEE-CIS identity table with no real-world schema documentation.
id_04,0.00082668,0.082668,D,Proprietary IEEE-CIS Identity Risk Signals (Obfuscated),None (No live upstream feed exists),Obfuscated fraud/risk score or flag id_04,False,Anonymous identity scoring features from IEEE-CIS identity table with no real-world schema documentation.
id_05,0.00080438,0.080438,D,Proprietary IEEE-CIS Identity Risk Signals (Obfuscated),None (No live upstream feed exists),Obfuscated fraud/risk score or flag id_05,False,Anonymous identity scoring features from IEEE-CIS identity table with no real-world schema documentation.
id_06,0.000921,0.0921,D,Proprietary IEEE-CIS Identity Risk Signals (Obfuscated),None (No live upstream feed exists),Obfuscated fraud/risk score or flag id_06,False,Anonymous identity scoring features from IEEE-CIS identity table with no real-world schema documentation.
id_07,0.00104155,0.104155,D,Proprietary IEEE-CIS Identity Risk Signals (Obfuscated),None (No live upstream feed exists),Obfuscated fraud/risk score or flag id_07,False,Anonymous identity scoring features from IEEE-CIS identity table with no real-world schema documentation.
id_08,0.00048726,0.048726,D,Proprietary IEEE-CIS Identity Risk Signals (Obfuscated),None (No live upstream feed exists),Obfuscated fraud/risk score or flag id_08,False,Anonymous identity scoring features from IEEE-CIS identity table with no real-world schema documentation.
id_09,0.00147379,0.147379,D,Proprietary IEEE-CIS Identity Risk Signals (Obfuscated),None (No live upstream feed exists),Obfuscated fraud/risk score or flag id_09,False,Anonymous identity scoring features from IEEE-CIS identity table with no real-world schema documentation.
id_10,0.00042802,0.042802,D,Proprietary IEEE-CIS Identity Risk Signals (Obfuscated),None (No live upstream feed exists),Obfuscated fraud/risk score or flag id_10,False,Anonymous identity scoring features from IEEE-CIS identity table with no real-world schema documentation.
id_11,0.00100522,0.100522,D,Proprietary IEEE-CIS Identity Risk Signals (Obfuscated),None (No live upstream feed exists),Obfuscated fraud/risk score or flag id_11,False,Anonymous identity scoring features from IEEE-CIS identity table with no real-world schema documentation.
id_12__freq,0.00060272,0.060272,D,Proprietary IEEE-CIS Identity Risk Signals (Obfuscated),None (No live upstream feed exists),Obfuscated fraud/risk score or flag id_12__freq,False,Anonymous identity scoring features from IEEE-CIS identity table with no real-world schema documentation.
id_13,0.00101036,0.101036,D,Proprietary IEEE-CIS Identity Risk Signals (Obfuscated),None (No live upstream feed exists),Obfuscated fraud/risk score or flag id_13,False,Anonymous identity scoring features from IEEE-CIS identity table with no real-world schema documentation.
id_14,0.0012468,0.12468,D,Proprietary IEEE-CIS Identity Risk Signals (Obfuscated),None (No live upstream feed exists),Obfuscated fraud/risk score or flag id_14,False,Anonymous identity scoring features from IEEE-CIS identity table with no real-world schema documentation.
id_15__freq,0.00090977,0.090977,D,Proprietary IEEE-CIS Identity Risk Signals (Obfuscated),None (No live upstream feed exists),Obfuscated fraud/risk score or flag id_15__freq,False,Anonymous identity scoring features from IEEE-CIS identity table with no real-world schema documentation.
id_16__freq,0.00055278,0.055278,D,Proprietary IEEE-CIS Identity Risk Signals (Obfuscated),None (No live upstream feed exists),Obfuscated fraud/risk score or flag id_16__freq,False,Anonymous identity scoring features from IEEE-CIS identity table with no real-world schema documentation.
id_17,0.00811748,0.811748,D,Proprietary IEEE-CIS Identity Risk Signals (Obfuscated),None (No live upstream feed exists),Obfuscated fraud/risk score or flag id_17,False,Anonymous identity scoring features from IEEE-CIS identity table with no real-world schema documentation.
id_18,0.00070796,0.070796,D,Proprietary IEEE-CIS Identity Risk Signals (Obfuscated),None (No live upstream feed exists),Obfuscated fraud/risk score or flag id_18,False,Anonymous identity scoring features from IEEE-CIS identity table with no real-world schema documentation.
id_19,0.00073518,0.073518,D,Proprietary IEEE-CIS Identity Risk Signals (Obfuscated),None (No live upstream feed exists),Obfuscated fraud/risk score or flag id_19,False,Anonymous identity scoring features from IEEE-CIS identity table with no real-world schema documentation.
id_20,0.00078436,0.078436,D,Proprietary IEEE-CIS Identity Risk Signals (Obfuscated),None (No live upstream feed exists),Obfuscated fraud/risk score or flag id_20,False,Anonymous identity scoring features from IEEE-CIS identity table with no real-world schema documentation.
id_21,0.00082502,0.082502,D,Proprietary IEEE-CIS Identity Risk Signals (Obfuscated),None (No live upstream feed exists),Obfuscated fraud/risk score or flag id_21,False,Anonymous identity scoring features from IEEE-CIS identity table with no real-world schema documentation.
id_22,0.0,0.0,D,Proprietary IEEE-CIS Identity Risk Signals (Obfuscated),None (No live upstream feed exists),Obfuscated fraud/risk score or flag id_22,False,Anonymous identity scoring features from IEEE-CIS identity table with no real-world schema documentation.
id_23__freq,0.00090236,0.090236,D,Proprietary IEEE-CIS Identity Risk Signals (Obfuscated),None (No live upstream feed exists),Obfuscated fraud/risk score or flag id_23__freq,False,Anonymous identity scoring features from IEEE-CIS identity table with no real-world schema documentation.
id_24,0.00017392,0.017392,D,Proprietary IEEE-CIS Identity Risk Signals (Obfuscated),None (No live upstream feed exists),Obfuscated fraud/risk score or flag id_24,False,Anonymous identity scoring features from IEEE-CIS identity table with no real-world schema documentation.
id_25,0.00076245,0.076245,D,Proprietary IEEE-CIS Identity Risk Signals (Obfuscated),None (No live upstream feed exists),Obfuscated fraud/risk score or flag id_25,False,Anonymous identity scoring features from IEEE-CIS identity table with no real-world schema documentation.
id_26,0.0003985,0.03985,D,Proprietary IEEE-CIS Identity Risk Signals (Obfuscated),None (No live upstream feed exists),Obfuscated fraud/risk score or flag id_26,False,Anonymous identity scoring features from IEEE-CIS identity table with no real-world schema documentation.
id_27__freq,0.00034345,0.034345,D,Proprietary IEEE-CIS Identity Risk Signals (Obfuscated),None (No live upstream feed exists),Obfuscated fraud/risk score or flag id_27__freq,False,Anonymous identity scoring features from IEEE-CIS identity table with no real-world schema documentation.
id_28__freq,0.00051831,0.051831,D,Proprietary IEEE-CIS Identity Risk Signals (Obfuscated),None (No live upstream feed exists),Obfuscated fraud/risk score or flag id_28__freq,False,Anonymous identity scoring features from IEEE-CIS identity table with no real-world schema documentation.
id_29__freq,0.00043649,0.043649,D,Proprietary IEEE-CIS Identity Risk Signals (Obfuscated),None (No live upstream feed exists),Obfuscated fraud/risk score or flag id_29__freq,False,Anonymous identity scoring features from IEEE-CIS identity table with no real-world schema documentation.
id_30__freq,0.001165,0.1165,C,Client Telemetry / Browser Fingerprinting (Future SDK),"None (Requires Web/Mobile SDK telemetry: User-Agent, screen resolution, browser headers)",Telemetry extraction for client property id_30,False,Can be captured if AegisFin integrates frontend device fingerprinting (e.g. FingerprintJS) to collect browser & OS attributes.
id_31__freq,0.00078793,0.078793,C,Client Telemetry / Browser Fingerprinting (Future SDK),"None (Requires Web/Mobile SDK telemetry: User-Agent, screen resolution, browser headers)",Telemetry extraction for client property id_31,False,Can be captured if AegisFin integrates frontend device fingerprinting (e.g. FingerprintJS) to collect browser & OS attributes.
id_32,0.00261296,0.261296,C,Client Telemetry / Browser Fingerprinting (Future SDK),"None (Requires Web/Mobile SDK telemetry: User-Agent, screen resolution, browser headers)",Telemetry extraction for client property id_32,False,Can be captured if AegisFin integrates frontend device fingerprinting (e.g. FingerprintJS) to collect browser & OS attributes.
id_33__freq,0.00085786,0.085786,C,Client Telemetry / Browser Fingerprinting (Future SDK),"None (Requires Web/Mobile SDK telemetry: User-Agent, screen resolution, browser headers)",Telemetry extraction for client property id_33,False,Can be captured if AegisFin integrates frontend device fingerprinting (e.g. FingerprintJS) to collect browser & OS attributes.
id_34__freq,0.00136904,0.136904,C,Client Telemetry / Browser Fingerprinting (Future SDK),"None (Requires Web/Mobile SDK telemetry: User-Agent, screen resolution, browser headers)",Telemetry extraction for client property id_34,False,Can be captured if AegisFin integrates frontend device fingerprinting (e.g. FingerprintJS) to collect browser & OS attributes.
id_35__freq,0.00118233,0.118233,C,Client Telemetry / Browser Fingerprinting (Future SDK),"None (Requires Web/Mobile SDK telemetry: User-Agent, screen resolution, browser headers)",Telemetry extraction for client property id_35,False,Can be captured if AegisFin integrates frontend device fingerprinting (e.g. FingerprintJS) to collect browser & OS attributes.
id_36__freq,0.00167309,0.167309,C,Client Telemetry / Browser Fingerprinting (Future SDK),"None (Requires Web/Mobile SDK telemetry: User-Agent, screen resolution, browser headers)",Telemetry extraction for client property id_36,False,Can be captured if AegisFin integrates frontend device fingerprinting (e.g. FingerprintJS) to collect browser & OS attributes.
id_37__freq,0.00083309,0.083309,C,Client Telemetry / Browser Fingerprinting (Future SDK),"None (Requires Web/Mobile SDK telemetry: User-Agent, screen resolution, browser headers)",Telemetry extraction for client property id_37,False,Can be captured if AegisFin integrates frontend device fingerprinting (e.g. FingerprintJS) to collect browser & OS attributes.
id_38__freq,0.00141728,0.141728,C,Client Telemetry / Browser Fingerprinting (Future SDK),"None (Requires Web/Mobile SDK telemetry: User-Agent, screen resolution, browser headers)",Telemetry extraction for client property id_38,False,Can be captured if AegisFin integrates frontend device fingerprinting (e.g. FingerprintJS) to collect browser & OS attributes.
DeviceType__freq,0.00153646,0.153646,A,Live Transaction Input + Precomputed Map,device_id / device_type,Frequency lookup of device type category,True,Mapped directly from current live input and encoded via training artifact frequency map.
DeviceInfo__freq,0.0011874,0.11874,A,Live Transaction Input + Precomputed Map,device_id,Frequency lookup of device_id string,True,Mapped directly from current live input and encoded via training artifact frequency map.
day_index,0.00118014,0.118014,A,Live Transaction Input,transaction_timestamp,float(dt.timetuple().tm_yday),True,Directly provided in live transaction API request or deterministically transformed from payload.
hour,0.00074941,0.074941,A,Live Transaction Input,transaction_timestamp,float(dt.hour),True,Directly provided in live transaction API request or deterministically transformed from payload.
weekday_index,0.00057134,0.057134,A,Live Transaction Input,transaction_timestamp,float(dt.weekday()),True,Directly provided in live transaction API request or deterministically transformed from payload.
is_weekend,0.0006379,0.06379,A,Live Transaction Input,transaction_timestamp,"1.0 if weekday in (5, 6) else 0.0",True,Directly provided in live transaction API request or deterministically transformed from payload.
is_night,0.000462,0.0462,A,Live Transaction Input,transaction_timestamp,1.0 if hour < 6 else 0.0,True,Directly provided in live transaction API request or deterministically transformed from payload.
TransactionAmt_log,0.00115862,0.115862,A,Live Transaction Input,amount,log1p(amount),True,Directly provided in live transaction API request or deterministically transformed from payload.
TransactionAmt_cents,0.00090319,0.090319,A,Live Transaction Input,amount,"round(amount % 1, 2)",True,Directly provided in live transaction API request or deterministically transformed from payload.
missing_count,0.00084607,0.084607,A,Live Transaction Input,transaction payload completeness,Total count of unprovided/missing input fields,True,Directly provided in live transaction API request or deterministically transformed from payload.
card1_addr1__freq,0.00117307,0.117307,A,Live Transaction Input + Precomputed Map,"card_id, address_id",Frequency lookup of tuple key f'{card_id}_{address_id}',True,Mapped directly from current live input and encoded via training artifact frequency map.
card1_email__freq,0.00111034,0.111034,A,Live Transaction Input + Precomputed Map,"card_id, email_domain",Frequency lookup of tuple key f'{card_id}_{email_domain}',True,Mapped directly from current live input and encoded via training artifact frequency map.
card1_ProductCD__freq,0.00161837,0.161837,A,Live Transaction Input + Precomputed Map,"card_id, product_code",Frequency lookup of tuple key f'{card_id}_{product_code}',True,Mapped directly from current live input and encoded via training artifact frequency map.
uid__freq,0.00087224,0.087224,A,Live Transaction Input + Precomputed Map,"product_code, card_id, address_id",Frequency lookup of composite entity UID key,True,Mapped directly from current live input and encoded via training artifact frequency map.
uid_past_count,0.00083546,0.083546,B,Supabase History (fraud_transactions / fraud_entity_state),"customer_id, amount, transaction_timestamp",COUNT(transactions) where customer_id = current AND ts < current_ts,True,Directly derivable from point-in-time Supabase history with strict anti-leakage temporal filter (ts < current_ts).
uid_past_mean_amt,0.00076618,0.076618,B,Supabase History (fraud_transactions / fraud_entity_state),"customer_id, amount, transaction_timestamp",AVG(amount) where customer_id = current AND ts < current_ts,True,Directly derivable from point-in-time Supabase history with strict anti-leakage temporal filter (ts < current_ts).
uid_past_std_amt,0.00062635,0.062635,B,Supabase History (fraud_transactions / fraud_entity_state),"customer_id, amount, transaction_timestamp",STDDEV(amount) where customer_id = current AND ts < current_ts,True,Directly derivable from point-in-time Supabase history with strict anti-leakage temporal filter (ts < current_ts).
uid_amount_ratio,0.00086067,0.086067,B,Supabase History (fraud_transactions / fraud_entity_state),"customer_id, amount, transaction_timestamp",amount / (uid_past_mean_amt + 1e-5),True,Directly derivable from point-in-time Supabase history with strict anti-leakage temporal filter (ts < current_ts).
uid_is_new,0.00078092,0.078092,B,Supabase History (fraud_transactions / fraud_entity_state),"customer_id, amount, transaction_timestamp",1.0 if uid_past_count == 0 else 0.0,True,Directly derivable from point-in-time Supabase history with strict anti-leakage temporal filter (ts < current_ts).
card1_past_count,0.00098454,0.098454,B,Supabase History (fraud_transactions / fraud_entity_state),"card_id, amount, transaction_timestamp",COUNT(transactions) where card_id = current AND ts < current_ts,True,Directly derivable from point-in-time Supabase card history with strict anti-leakage temporal filter.
card1_past_mean_amt,0.00131615,0.131615,B,Supabase History (fraud_transactions / fraud_entity_state),"card_id, amount, transaction_timestamp",AVG(amount) where card_id = current AND ts < current_ts,True,Directly derivable from point-in-time Supabase card history with strict anti-leakage temporal filter.
card1_past_std_amt,0.00099669,0.099669,B,Supabase History (fraud_transactions / fraud_entity_state),"card_id, amount, transaction_timestamp",STDDEV(amount) where card_id = current AND ts < current_ts,True,Directly derivable from point-in-time Supabase card history with strict anti-leakage temporal filter.
card1_amount_ratio,0.00092218,0.092218,B,Supabase History (fraud_transactions / fraud_entity_state),"card_id, amount, transaction_timestamp",amount / (card1_past_mean_amt + 1e-5),True,Directly derivable from point-in-time Supabase card history with strict anti-leakage temporal filter.
card1_is_new,0.00101076,0.101076,B,Supabase History (fraud_transactions / fraud_entity_state),"card_id, amount, transaction_timestamp",1.0 if card1_past_count == 0 else 0.0,True,Directly derivable from point-in-time Supabase card history with strict anti-leakage temporal filter.
card1_addr1_past_count,0.00092771,0.092771,B,Supabase History (fraud_transactions / fraud_entity_state),"card_id, address_id, amount, transaction_timestamp",COUNT(transactions) where card_id = current AND address_id = current AND ts < current_ts,True,Directly derivable from point-in-time Supabase card+address history with strict anti-leakage filter.
card1_addr1_past_mean_amt,0.00107258,0.107258,B,Supabase History (fraud_transactions / fraud_entity_state),"card_id, address_id, amount, transaction_timestamp",AVG(amount) where card_id = current AND address_id = current AND ts < current_ts,True,Directly derivable from point-in-time Supabase card+address history with strict anti-leakage filter.
card1_addr1_past_std_amt,0.00091118,0.091118,B,Supabase History (fraud_transactions / fraud_entity_state),"card_id, address_id, amount, transaction_timestamp",STDDEV(amount) where card_id = current AND address_id = current AND ts < current_ts,True,Directly derivable from point-in-time Supabase card+address history with strict anti-leakage filter.
card1_addr1_amount_ratio,0.00080668,0.080668,B,Supabase History (fraud_transactions / fraud_entity_state),"card_id, address_id, amount, transaction_timestamp",amount / (card1_addr1_past_mean_amt + 1e-5),True,Directly derivable from point-in-time Supabase card+address history with strict anti-leakage filter.
card1_addr1_is_new,0.00088345,0.088345,B,Supabase History (fraud_transactions / fraud_entity_state),"card_id, address_id, amount, transaction_timestamp",1.0 if card1_addr1_past_count == 0 else 0.0,True,Directly derivable from point-in-time Supabase card+address history with strict anti-leakage filter.
